am_sid,name,rank,id
Fis-143889,cellular organisms,no rank,131567
Fis-143889,Eukaryota,superkingdom,2759
Fis-143889,Opisthokonta,clade,33154
Fis-143889,Metazoa,kingdom,33208
Fis-143889,Eumetazoa,clade,6072
Fis-143889,Bilateria,clade,33213
Fis-143889,Deuterostomia,clade,33511
Fis-143889,Chordata,phylum,7711
Fis-143889,Craniata,subphylum,89593
Fis-143889,Vertebrata,clade,7742
Fis-143889,Gnathostomata,clade,7776
Fis-143889,Teleostomi,clade,117570
Fis-143889,Euteleostomi,clade,117571
Fis-143889,Actinopterygii,superclass,7898
Fis-143889,Actinopteri,class,186623
Fis-143889,Neopterygii,subclass,41665
Fis-143889,Teleostei,infraclass,32443
Fis-143889,Osteoglossocephalai,clade,1489341
Fis-143889,Clupeocephala,no rank,186625
Fis-143889,Euteleosteomorpha,cohort,1489388
Fis-143889,Neoteleostei,clade,123365
Fis-143889,Eurypterygia,clade,123366
Fis-143889,Ctenosquamata,clade,123367
Fis-143889,Acanthomorphata,clade,123368
Fis-143889,Euacanthomorphacea,clade,123369
Fis-143889,Percomorphaceae,clade,1489872
Fis-143889,Eupercaria,clade,1489922
Fis-143889,Acanthuriformes,order,1489937
Fis-143889,Acanthuridae,family,29146
Fis-143889,Acanthurinae,subfamily,145345
Fis-143889,Zebrasoma,genus,75045
Fis-143889,Zebrasoma desjardinii,species,1146995
Fis-25956,cellular organisms,no rank,131567
Fis-25956,Eukaryota,superkingdom,2759
Fis-25956,Opisthokonta,clade,33154
Fis-25956,Metazoa,kingdom,33208
Fis-25956,Eumetazoa,clade,6072
Fis-25956,Bilateria,clade,33213
Fis-25956,Deuterostomia,clade,33511
Fis-25956,Chordata,phylum,7711
Fis-25956,Craniata,subphylum,89593
Fis-25956,Vertebrata,clade,7742
Fis-25956,Gnathostomata,clade,7776
Fis-25956,Teleostomi,clade,117570
Fis-25956,Euteleostomi,clade,117571
Fis-25956,Actinopterygii,superclass,7898
Fis-25956,Actinopteri,class,186623
Fis-25956,Neopterygii,subclass,41665
Fis-25956,Teleostei,infraclass,32443
Fis-25956,Osteoglossocephalai,clade,1489341
Fis-25956,Clupeocephala,no rank,186625
Fis-25956,Euteleosteomorpha,cohort,1489388
Fis-25956,Neoteleostei,clade,123365
Fis-25956,Eurypterygia,clade,123366
Fis-25956,Ctenosquamata,clade,123367
Fis-25956,Acanthomorphata,clade,123368
Fis-25956,Euacanthomorphacea,clade,123369
Fis-25956,Percomorphaceae,clade,1489872
Fis-25956,Eupercaria,clade,1489922
Fis-25956,Acanthuriformes,order,1489937
Fis-25956,Acanthuridae,family,29146
Fis-25956,Acanthurinae,subfamily,145345
Fis-25956,Zebrasoma,genus,75045
Fis-25956,Zebrasoma flavescens,species,175439
Fis-26618,cellular organisms,no rank,131567
Fis-26618,Eukaryota,superkingdom,2759
Fis-26618,Opisthokonta,clade,33154
Fis-26618,Metazoa,kingdom,33208
Fis-26618,Eumetazoa,clade,6072
Fis-26618,Bilateria,clade,33213
Fis-26618,Deuterostomia,clade,33511
Fis-26618,Chordata,phylum,7711
Fis-26618,Craniata,subphylum,89593
Fis-26618,Vertebrata,clade,7742
Fis-26618,Gnathostomata,clade,7776
Fis-26618,Teleostomi,clade,117570
Fis-26618,Euteleostomi,clade,117571
Fis-26618,Actinopterygii,superclass,7898
Fis-26618,Actinopteri,class,186623
Fis-26618,Neopterygii,subclass,41665
Fis-26618,Teleostei,infraclass,32443
Fis-26618,Osteoglossocephalai,clade,1489341
Fis-26618,Clupeocephala,no rank,186625
Fis-26618,Euteleosteomorpha,cohort,1489388
Fis-26618,Neoteleostei,clade,123365
Fis-26618,Eurypterygia,clade,123366
Fis-26618,Ctenosquamata,clade,123367
Fis-26618,Acanthomorphata,clade,123368
Fis-26618,Euacanthomorphacea,clade,123369
Fis-26618,Percomorphaceae,clade,1489872
Fis-26618,Eupercaria,clade,1489922
Fis-26618,Acanthuriformes,order,1489937
Fis-26618,Acanthuridae,family,29146
Fis-26618,Acanthurinae,subfamily,145345
Fis-26618,Zebrasoma,genus,75045
Fis-26618,Zebrasoma gemmatum,species,1003822
Fis-58814,cellular organisms,no rank,131567
Fis-58814,Eukaryota,superkingdom,2759
Fis-58814,Opisthokonta,clade,33154
Fis-58814,Metazoa,kingdom,33208
Fis-58814,Eumetazoa,clade,6072
Fis-58814,Bilateria,clade,33213
Fis-58814,Deuterostomia,clade,33511
Fis-58814,Chordata,phylum,7711
Fis-58814,Craniata,subphylum,89593
Fis-58814,Vertebrata,clade,7742
Fis-58814,Gnathostomata,clade,7776
Fis-58814,Teleostomi,clade,117570
Fis-58814,Euteleostomi,clade,117571
Fis-58814,Actinopterygii,superclass,7898
Fis-58814,Actinopteri,class,186623
Fis-58814,Neopterygii,subclass,41665
Fis-58814,Teleostei,infraclass,32443
Fis-58814,Osteoglossocephalai,clade,1489341
Fis-58814,Clupeocephala,no rank,186625
Fis-58814,Euteleosteomorpha,cohort,1489388
Fis-58814,Neoteleostei,clade,123365
Fis-58814,Eurypterygia,clade,123366
Fis-58814,Ctenosquamata,clade,123367
Fis-58814,Acanthomorphata,clade,123368
Fis-58814,Euacanthomorphacea,clade,123369
Fis-58814,Percomorphaceae,clade,1489872
Fis-58814,Eupercaria,clade,1489922
Fis-58814,Acanthuriformes,order,1489937
Fis-58814,Acanthuridae,family,29146
Fis-58814,Acanthurinae,subfamily,145345
Fis-58814,Zebrasoma,genus,75045
Fis-58814,Zebrasoma rostratum,species,753649
Fis-25907,cellular organisms,no rank,131567
Fis-25907,Eukaryota,superkingdom,2759
Fis-25907,Opisthokonta,clade,33154
Fis-25907,Metazoa,kingdom,33208
Fis-25907,Eumetazoa,clade,6072
Fis-25907,Bilateria,clade,33213
Fis-25907,Deuterostomia,clade,33511
Fis-25907,Chordata,phylum,7711
Fis-25907,Craniata,subphylum,89593
Fis-25907,Vertebrata,clade,7742
Fis-25907,Gnathostomata,clade,7776
Fis-25907,Teleostomi,clade,117570
Fis-25907,Euteleostomi,clade,117571
Fis-25907,Actinopterygii,superclass,7898
Fis-25907,Actinopteri,class,186623
Fis-25907,Neopterygii,subclass,41665
Fis-25907,Teleostei,infraclass,32443
Fis-25907,Osteoglossocephalai,clade,1489341
Fis-25907,Clupeocephala,no rank,186625
Fis-25907,Euteleosteomorpha,cohort,1489388
Fis-25907,Neoteleostei,clade,123365
Fis-25907,Eurypterygia,clade,123366
Fis-25907,Ctenosquamata,clade,123367
Fis-25907,Acanthomorphata,clade,123368
Fis-25907,Euacanthomorphacea,clade,123369
Fis-25907,Percomorphaceae,clade,1489872
Fis-25907,Eupercaria,clade,1489922
Fis-25907,Acanthuriformes,order,1489937
Fis-25907,Acanthuridae,family,29146
Fis-25907,Acanthurinae,subfamily,145345
Fis-25907,Zebrasoma,genus,75045
Fis-25907,Zebrasoma scopas,species,75046
Fis-163883,cellular organisms,no rank,131567
Fis-163883,Eukaryota,superkingdom,2759
Fis-163883,Opisthokonta,clade,33154
Fis-163883,Metazoa,kingdom,33208
Fis-163883,Eumetazoa,clade,6072
Fis-163883,Bilateria,clade,33213
Fis-163883,Deuterostomia,clade,33511
Fis-163883,Chordata,phylum,7711
Fis-163883,Craniata,subphylum,89593
Fis-163883,Vertebrata,clade,7742
Fis-163883,Gnathostomata,clade,7776
Fis-163883,Teleostomi,clade,117570
Fis-163883,Euteleostomi,clade,117571
Fis-163883,Actinopterygii,superclass,7898
Fis-163883,Actinopteri,class,186623
Fis-163883,Neopterygii,subclass,41665
Fis-163883,Teleostei,infraclass,32443
Fis-163883,Osteoglossocephalai,clade,1489341
Fis-163883,Clupeocephala,no rank,186625
Fis-163883,Euteleosteomorpha,cohort,1489388
Fis-163883,Neoteleostei,clade,123365
Fis-163883,Eurypterygia,clade,123366
Fis-163883,Ctenosquamata,clade,123367
Fis-163883,Acanthomorphata,clade,123368
Fis-163883,Euacanthomorphacea,clade,123369
Fis-163883,Percomorphaceae,clade,1489872
Fis-163883,Eupercaria,clade,1489922
Fis-163883,Acanthuriformes,order,1489937
Fis-163883,Acanthuridae,family,29146
Fis-163883,Acanthurinae,subfamily,145345
Fis-163883,Zebrasoma,genus,75045
Fis-163883,Zebrasoma velifer,species,1311505
Fis-28312,cellular organisms,no rank,131567
Fis-28312,Eukaryota,superkingdom,2759
Fis-28312,Opisthokonta,clade,33154
Fis-28312,Metazoa,kingdom,33208
Fis-28312,Eumetazoa,clade,6072
Fis-28312,Bilateria,clade,33213
Fis-28312,Deuterostomia,clade,33511
Fis-28312,Chordata,phylum,7711
Fis-28312,Craniata,subphylum,89593
Fis-28312,Vertebrata,clade,7742
Fis-28312,Gnathostomata,clade,7776
Fis-28312,Teleostomi,clade,117570
Fis-28312,Euteleostomi,clade,117571
Fis-28312,Actinopterygii,superclass,7898
Fis-28312,Actinopteri,class,186623
Fis-28312,Neopterygii,subclass,41665
Fis-28312,Teleostei,infraclass,32443
Fis-28312,Osteoglossocephalai,clade,1489341
Fis-28312,Clupeocephala,no rank,186625
Fis-28312,Euteleosteomorpha,cohort,1489388
Fis-28312,Neoteleostei,clade,123365
Fis-28312,Eurypterygia,clade,123366
Fis-28312,Ctenosquamata,clade,123367
Fis-28312,Acanthomorphata,clade,123368
Fis-28312,Euacanthomorphacea,clade,123369
Fis-28312,Percomorphaceae,clade,1489872
Fis-28312,Eupercaria,clade,1489922
Fis-28312,Acanthuriformes,order,1489937
Fis-28312,Acanthuridae,family,29146
Fis-28312,Acanthurinae,subfamily,145345
Fis-28312,Zebrasoma,genus,75045
Fis-28312,Zebrasoma xanthurum,species,1484168
Fis-144208,cellular organisms,no rank,131567
Fis-144208,Eukaryota,superkingdom,2759
Fis-144208,Opisthokonta,clade,33154
Fis-144208,Metazoa,kingdom,33208
Fis-144208,Eumetazoa,clade,6072
Fis-144208,Bilateria,clade,33213
Fis-144208,Deuterostomia,clade,33511
Fis-144208,Chordata,phylum,7711
Fis-144208,Craniata,subphylum,89593
Fis-144208,Vertebrata,clade,7742
Fis-144208,Gnathostomata,clade,7776
Fis-144208,Teleostomi,clade,117570
Fis-144208,Euteleostomi,clade,117571
Fis-144208,Actinopterygii,superclass,7898
Fis-144208,Actinopteri,class,186623
Fis-144208,Neopterygii,subclass,41665
Fis-144208,Teleostei,infraclass,32443
Fis-144208,Osteoglossocephalai,clade,1489341
Fis-144208,Clupeocephala,no rank,186625
Fis-144208,Euteleosteomorpha,cohort,1489388
Fis-144208,Neoteleostei,clade,123365
Fis-144208,Eurypterygia,clade,123366
Fis-144208,Ctenosquamata,clade,123367
Fis-144208,Acanthomorphata,clade,123368
Fis-144208,Euacanthomorphacea,clade,123369
Fis-144208,Percomorphaceae,clade,1489872
Fis-144208,Carangaria,clade,1489904
Fis-144208,Pleuronectiformes,order,8252
Fis-144208,Pleuronectoidei,suborder,30942
Fis-144208,Soleidae,family,30948
Fis-144208,Zebrias,genus,244453
Fis-144208,Zebrias altipinnis,species,1525182
Fis-137302,cellular organisms,no rank,131567
Fis-137302,Eukaryota,superkingdom,2759
Fis-137302,Opisthokonta,clade,33154
Fis-137302,Metazoa,kingdom,33208
Fis-137302,Eumetazoa,clade,6072
Fis-137302,Bilateria,clade,33213
Fis-137302,Deuterostomia,clade,33511
Fis-137302,Chordata,phylum,7711
Fis-137302,Craniata,subphylum,89593
Fis-137302,Vertebrata,clade,7742
Fis-137302,Gnathostomata,clade,7776
Fis-137302,Teleostomi,clade,117570
Fis-137302,Euteleostomi,clade,117571
Fis-137302,Actinopterygii,superclass,7898
Fis-137302,Actinopteri,class,186623
Fis-137302,Neopterygii,subclass,41665
Fis-137302,Teleostei,infraclass,32443
Fis-137302,Osteoglossocephalai,clade,1489341
Fis-137302,Clupeocephala,no rank,186625
Fis-137302,Euteleosteomorpha,cohort,1489388
Fis-137302,Neoteleostei,clade,123365
Fis-137302,Eurypterygia,clade,123366
Fis-137302,Ctenosquamata,clade,123367
Fis-137302,Acanthomorphata,clade,123368
Fis-137302,Euacanthomorphacea,clade,123369
Fis-137302,Percomorphaceae,clade,1489872
Fis-137302,Carangaria,clade,1489904
Fis-137302,Pleuronectiformes,order,8252
Fis-137302,Pleuronectoidei,suborder,30942
Fis-137302,Soleidae,family,30948
Fis-137302,Zebrias,genus,244453
Fis-137302,Zebrias crossolepis,species,366939
Fis-55098,cellular organisms,no rank,131567
Fis-55098,Eukaryota,superkingdom,2759
Fis-55098,Opisthokonta,clade,33154
Fis-55098,Metazoa,kingdom,33208
Fis-55098,Eumetazoa,clade,6072
Fis-55098,Bilateria,clade,33213
Fis-55098,Deuterostomia,clade,33511
Fis-55098,Chordata,phylum,7711
Fis-55098,Craniata,subphylum,89593
Fis-55098,Vertebrata,clade,7742
Fis-55098,Gnathostomata,clade,7776
Fis-55098,Teleostomi,clade,117570
Fis-55098,Euteleostomi,clade,117571
Fis-55098,Actinopterygii,superclass,7898
Fis-55098,Actinopteri,class,186623
Fis-55098,Neopterygii,subclass,41665
Fis-55098,Teleostei,infraclass,32443
Fis-55098,Osteoglossocephalai,clade,1489341
Fis-55098,Clupeocephala,no rank,186625
Fis-55098,Euteleosteomorpha,cohort,1489388
Fis-55098,Neoteleostei,clade,123365
Fis-55098,Eurypterygia,clade,123366
Fis-55098,Ctenosquamata,clade,123367
Fis-55098,Acanthomorphata,clade,123368
Fis-55098,Euacanthomorphacea,clade,123369
Fis-55098,Percomorphaceae,clade,1489872
Fis-55098,Carangaria,clade,1489904
Fis-55098,Pleuronectiformes,order,8252
Fis-55098,Pleuronectoidei,suborder,30942
Fis-55098,Soleidae,family,30948
Fis-55098,Zebrias,genus,244453
Fis-55098,Zebrias fasciatus,species,762047
Fis-32713,cellular organisms,no rank,131567
Fis-32713,Eukaryota,superkingdom,2759
Fis-32713,Opisthokonta,clade,33154
Fis-32713,Metazoa,kingdom,33208
Fis-32713,Eumetazoa,clade,6072
Fis-32713,Bilateria,clade,33213
Fis-32713,Deuterostomia,clade,33511
Fis-32713,Chordata,phylum,7711
Fis-32713,Craniata,subphylum,89593
Fis-32713,Vertebrata,clade,7742
Fis-32713,Gnathostomata,clade,7776
Fis-32713,Teleostomi,clade,117570
Fis-32713,Euteleostomi,clade,117571
Fis-32713,Actinopterygii,superclass,7898
Fis-32713,Actinopteri,class,186623
Fis-32713,Neopterygii,subclass,41665
Fis-32713,Teleostei,infraclass,32443
Fis-32713,Osteoglossocephalai,clade,1489341
Fis-32713,Clupeocephala,no rank,186625
Fis-32713,Euteleosteomorpha,cohort,1489388
Fis-32713,Neoteleostei,clade,123365
Fis-32713,Eurypterygia,clade,123366
Fis-32713,Ctenosquamata,clade,123367
Fis-32713,Acanthomorphata,clade,123368
Fis-32713,Euacanthomorphacea,clade,123369
Fis-32713,Percomorphaceae,clade,1489872
Fis-32713,Carangaria,clade,1489904
Fis-32713,Pleuronectiformes,order,8252
Fis-32713,Pleuronectoidei,suborder,30942
Fis-32713,Soleidae,family,30948
Fis-32713,Zebrias,genus,244453
Fis-32713,Zebrias quagga,species,367194
Fis-27220,cellular organisms,no rank,131567
Fis-27220,Eukaryota,superkingdom,2759
Fis-27220,Opisthokonta,clade,33154
Fis-27220,Metazoa,kingdom,33208
Fis-27220,Eumetazoa,clade,6072
Fis-27220,Bilateria,clade,33213
Fis-27220,Deuterostomia,clade,33511
Fis-27220,Chordata,phylum,7711
Fis-27220,Craniata,subphylum,89593
Fis-27220,Vertebrata,clade,7742
Fis-27220,Gnathostomata,clade,7776
Fis-27220,Teleostomi,clade,117570
Fis-27220,Euteleostomi,clade,117571
Fis-27220,Actinopterygii,superclass,7898
Fis-27220,Actinopteri,class,186623
Fis-27220,Neopterygii,subclass,41665
Fis-27220,Teleostei,infraclass,32443
Fis-27220,Osteoglossocephalai,clade,1489341
Fis-27220,Clupeocephala,no rank,186625
Fis-27220,Euteleosteomorpha,cohort,1489388
Fis-27220,Neoteleostei,clade,123365
Fis-27220,Eurypterygia,clade,123366
Fis-27220,Ctenosquamata,clade,123367
Fis-27220,Acanthomorphata,clade,123368
Fis-27220,Euacanthomorphacea,clade,123369
Fis-27220,Percomorphaceae,clade,1489872
Fis-27220,Carangaria,clade,1489904
Fis-27220,Pleuronectiformes,order,8252
Fis-27220,Pleuronectoidei,suborder,30942
Fis-27220,Soleidae,family,30948
Fis-27220,Zebrias,genus,244453
Fis-27220,Zebrias regani,species,1003823
Fis-127164,cellular organisms,no rank,131567
Fis-127164,Eukaryota,superkingdom,2759
Fis-127164,Opisthokonta,clade,33154
Fis-127164,Metazoa,kingdom,33208
Fis-127164,Eumetazoa,clade,6072
Fis-127164,Bilateria,clade,33213
Fis-127164,Deuterostomia,clade,33511
Fis-127164,Chordata,phylum,7711
Fis-127164,Craniata,subphylum,89593
Fis-127164,Vertebrata,clade,7742
Fis-127164,Gnathostomata,clade,7776
Fis-127164,Teleostomi,clade,117570
Fis-127164,Euteleostomi,clade,117571
Fis-127164,Actinopterygii,superclass,7898
Fis-127164,Actinopteri,class,186623
Fis-127164,Neopterygii,subclass,41665
Fis-127164,Teleostei,infraclass,32443
Fis-127164,Osteoglossocephalai,clade,1489341
Fis-127164,Clupeocephala,no rank,186625
Fis-127164,Euteleosteomorpha,cohort,1489388
Fis-127164,Neoteleostei,clade,123365
Fis-127164,Eurypterygia,clade,123366
Fis-127164,Ctenosquamata,clade,123367
Fis-127164,Acanthomorphata,clade,123368
Fis-127164,Euacanthomorphacea,clade,123369
Fis-127164,Percomorphaceae,clade,1489872
Fis-127164,Carangaria,clade,1489904
Fis-127164,Pleuronectiformes,order,8252
Fis-127164,Pleuronectoidei,suborder,30942
Fis-127164,Soleidae,family,30948
Fis-127164,Zebrias,genus,244453
Fis-127164,Zebrias scalaris,species,1680621
Fis-29133,cellular organisms,no rank,131567
Fis-29133,Eukaryota,superkingdom,2759
Fis-29133,Opisthokonta,clade,33154
Fis-29133,Metazoa,kingdom,33208
Fis-29133,Eumetazoa,clade,6072
Fis-29133,Bilateria,clade,33213
Fis-29133,Deuterostomia,clade,33511
Fis-29133,Chordata,phylum,7711
Fis-29133,Craniata,subphylum,89593
Fis-29133,Vertebrata,clade,7742
Fis-29133,Gnathostomata,clade,7776
Fis-29133,Teleostomi,clade,117570
Fis-29133,Euteleostomi,clade,117571
Fis-29133,Actinopterygii,superclass,7898
Fis-29133,Actinopteri,class,186623
Fis-29133,Neopterygii,subclass,41665
Fis-29133,Teleostei,infraclass,32443
Fis-29133,Osteoglossocephalai,clade,1489341
Fis-29133,Clupeocephala,no rank,186625
Fis-29133,Euteleosteomorpha,cohort,1489388
Fis-29133,Neoteleostei,clade,123365
Fis-29133,Eurypterygia,clade,123366
Fis-29133,Ctenosquamata,clade,123367
Fis-29133,Acanthomorphata,clade,123368
Fis-29133,Euacanthomorphacea,clade,123369
Fis-29133,Percomorphaceae,clade,1489872
Fis-29133,Carangaria,clade,1489904
Fis-29133,Pleuronectiformes,order,8252
Fis-29133,Pleuronectoidei,suborder,30942
Fis-29133,Soleidae,family,30948
Fis-29133,Zebrias,genus,244453
Fis-29133,Zebrias synapturoides,species,603345
Fis-27248,cellular organisms,no rank,131567
Fis-27248,Eukaryota,superkingdom,2759
Fis-27248,Opisthokonta,clade,33154
Fis-27248,Metazoa,kingdom,33208
Fis-27248,Eumetazoa,clade,6072
Fis-27248,Bilateria,clade,33213
Fis-27248,Deuterostomia,clade,33511
Fis-27248,Chordata,phylum,7711
Fis-27248,Craniata,subphylum,89593
Fis-27248,Vertebrata,clade,7742
Fis-27248,Gnathostomata,clade,7776
Fis-27248,Teleostomi,clade,117570
Fis-27248,Euteleostomi,clade,117571
Fis-27248,Actinopterygii,superclass,7898
Fis-27248,Actinopteri,class,186623
Fis-27248,Neopterygii,subclass,41665
Fis-27248,Teleostei,infraclass,32443
Fis-27248,Osteoglossocephalai,clade,1489341
Fis-27248,Clupeocephala,no rank,186625
Fis-27248,Euteleosteomorpha,cohort,1489388
Fis-27248,Neoteleostei,clade,123365
Fis-27248,Eurypterygia,clade,123366
Fis-27248,Ctenosquamata,clade,123367
Fis-27248,Acanthomorphata,clade,123368
Fis-27248,Euacanthomorphacea,clade,123369
Fis-27248,Percomorphaceae,clade,1489872
Fis-27248,Carangaria,clade,1489904
Fis-27248,Pleuronectiformes,order,8252
Fis-27248,Pleuronectoidei,suborder,30942
Fis-27248,Soleidae,family,30948
Fis-27248,Zebrias,genus,244453
Fis-27248,Zebrias zebra,species,244454
Fis-144177,cellular organisms,no rank,131567
Fis-144177,Eukaryota,superkingdom,2759
Fis-144177,Opisthokonta,clade,33154
Fis-144177,Metazoa,kingdom,33208
Fis-144177,Eumetazoa,clade,6072
Fis-144177,Bilateria,clade,33213
Fis-144177,Deuterostomia,clade,33511
Fis-144177,Chordata,phylum,7711
Fis-144177,Craniata,subphylum,89593
Fis-144177,Vertebrata,clade,7742
Fis-144177,Gnathostomata,clade,7776
Fis-144177,Teleostomi,clade,117570
Fis-144177,Euteleostomi,clade,117571
Fis-144177,Actinopterygii,superclass,7898
Fis-144177,Actinopteri,class,186623
Fis-144177,Neopterygii,subclass,41665
Fis-144177,Teleostei,infraclass,32443
Fis-144177,Osteoglossocephalai,clade,1489341
Fis-144177,Clupeocephala,no rank,186625
Fis-144177,Euteleosteomorpha,cohort,1489388
Fis-144177,Neoteleostei,clade,123365
Fis-144177,Eurypterygia,clade,123366
Fis-144177,Ctenosquamata,clade,123367
Fis-144177,Acanthomorphata,clade,123368
Fis-144177,Euacanthomorphacea,clade,123369
Fis-144177,Percomorphaceae,clade,1489872
Fis-144177,Carangaria,clade,1489904
Fis-144177,Pleuronectiformes,order,8252
Fis-144177,Pleuronectoidei,suborder,30942
Fis-144177,Soleidae,family,30948
Fis-144177,Zebrias,genus,244453
Fis-144177,Zebrias zebrinus,species,1302775
Fis-49171,cellular organisms,no rank,131567
Fis-49171,Eukaryota,superkingdom,2759
Fis-49171,Opisthokonta,clade,33154
Fis-49171,Metazoa,kingdom,33208
Fis-49171,Eumetazoa,clade,6072
Fis-49171,Bilateria,clade,33213
Fis-49171,Deuterostomia,clade,33511
Fis-49171,Chordata,phylum,7711
Fis-49171,Craniata,subphylum,89593
Fis-49171,Vertebrata,clade,7742
Fis-49171,Gnathostomata,clade,7776
Fis-49171,Teleostomi,clade,117570
Fis-49171,Euteleostomi,clade,117571
Fis-49171,Actinopterygii,superclass,7898
Fis-49171,Actinopteri,class,186623
Fis-49171,Neopterygii,subclass,41665
Fis-49171,Teleostei,infraclass,32443
Fis-49171,Osteoglossocephalai,clade,1489341
Fis-49171,Clupeocephala,no rank,186625
Fis-49171,Euteleosteomorpha,cohort,1489388
Fis-49171,Neoteleostei,clade,123365
Fis-49171,Eurypterygia,clade,123366
Fis-49171,Ctenosquamata,clade,123367
Fis-49171,Acanthomorphata,clade,123368
Fis-49171,Euacanthomorphacea,clade,123369
Fis-49171,Percomorphaceae,clade,1489872
Fis-49171,Gobiaria,clade,1489875
Fis-49171,Gobiiformes,order,1489878
Fis-49171,Gobioidei,suborder,8219
Fis-49171,Gobiidae,family,8220
Fis-49171,Gobiinae,subfamily,497223
Fis-49171,Zebrus,genus,85425
Fis-49171,Zebrus zebrus,species,85426
Fis-50701,cellular organisms,no rank,131567
Fis-50701,Eukaryota,superkingdom,2759
Fis-50701,Opisthokonta,clade,33154
Fis-50701,Metazoa,kingdom,33208
Fis-50701,Eumetazoa,clade,6072
Fis-50701,Bilateria,clade,33213
Fis-50701,Deuterostomia,clade,33511
Fis-50701,Chordata,phylum,7711
Fis-50701,Craniata,subphylum,89593
Fis-50701,Vertebrata,clade,7742
Fis-50701,Gnathostomata,clade,7776
Fis-50701,Teleostomi,clade,117570
Fis-50701,Euteleostomi,clade,117571
Fis-50701,Actinopterygii,superclass,7898
Fis-50701,Actinopteri,class,186623
Fis-50701,Neopterygii,subclass,41665
Fis-50701,Teleostei,infraclass,32443
Fis-50701,Osteoglossocephalai,clade,1489341
Fis-50701,Clupeocephala,no rank,186625
Fis-50701,Euteleosteomorpha,cohort,1489388
Fis-50701,Neoteleostei,clade,123365
Fis-50701,Eurypterygia,clade,123366
Fis-50701,Ctenosquamata,clade,123367
Fis-50701,Acanthomorphata,clade,123368
Fis-50701,Euacanthomorphacea,clade,123369
Fis-50701,Percomorphaceae,clade,1489872
Fis-50701,Ovalentaria,clade,1489908
Fis-50701,Atherinomorphae,superorder,1489913
Fis-50701,Beloniformes,order,76071
Fis-50701,Belonoidei,suborder,123731
Fis-50701,Zenarchopteridae,family,1489918
Fis-50701,Zenarchopterus,genus,131628
Fis-50701,Zenarchopterus buffonis,species,293900
Fis-27428,cellular organisms,no rank,131567
Fis-27428,Eukaryota,superkingdom,2759
Fis-27428,Opisthokonta,clade,33154
Fis-27428,Metazoa,kingdom,33208
Fis-27428,Eumetazoa,clade,6072
Fis-27428,Bilateria,clade,33213
Fis-27428,Deuterostomia,clade,33511
Fis-27428,Chordata,phylum,7711
Fis-27428,Craniata,subphylum,89593
Fis-27428,Vertebrata,clade,7742
Fis-27428,Gnathostomata,clade,7776
Fis-27428,Teleostomi,clade,117570
Fis-27428,Euteleostomi,clade,117571
Fis-27428,Actinopterygii,superclass,7898
Fis-27428,Actinopteri,class,186623
Fis-27428,Neopterygii,subclass,41665
Fis-27428,Teleostei,infraclass,32443
Fis-27428,Osteoglossocephalai,clade,1489341
Fis-27428,Clupeocephala,no rank,186625
Fis-27428,Euteleosteomorpha,cohort,1489388
Fis-27428,Neoteleostei,clade,123365
Fis-27428,Eurypterygia,clade,123366
Fis-27428,Ctenosquamata,clade,123367
Fis-27428,Acanthomorphata,clade,123368
Fis-27428,Euacanthomorphacea,clade,123369
Fis-27428,Percomorphaceae,clade,1489872
Fis-27428,Ovalentaria,clade,1489908
Fis-27428,Atherinomorphae,superorder,1489913
Fis-27428,Beloniformes,order,76071
Fis-27428,Belonoidei,suborder,123731
Fis-27428,Zenarchopteridae,family,1489918
Fis-27428,Zenarchopterus,genus,131628
Fis-27428,Zenarchopterus dispar,species,1311506
Fis-50862,cellular organisms,no rank,131567
Fis-50862,Eukaryota,superkingdom,2759
Fis-50862,Opisthokonta,clade,33154
Fis-50862,Metazoa,kingdom,33208
Fis-50862,Eumetazoa,clade,6072
Fis-50862,Bilateria,clade,33213
Fis-50862,Deuterostomia,clade,33511
Fis-50862,Chordata,phylum,7711
Fis-50862,Craniata,subphylum,89593
Fis-50862,Vertebrata,clade,7742
Fis-50862,Gnathostomata,clade,7776
Fis-50862,Teleostomi,clade,117570
Fis-50862,Euteleostomi,clade,117571
Fis-50862,Actinopterygii,superclass,7898
Fis-50862,Actinopteri,class,186623
Fis-50862,Neopterygii,subclass,41665
Fis-50862,Teleostei,infraclass,32443
Fis-50862,Osteoglossocephalai,clade,1489341
Fis-50862,Clupeocephala,no rank,186625
Fis-50862,Euteleosteomorpha,cohort,1489388
Fis-50862,Neoteleostei,clade,123365
Fis-50862,Eurypterygia,clade,123366
Fis-50862,Ctenosquamata,clade,123367
Fis-50862,Acanthomorphata,clade,123368
Fis-50862,Euacanthomorphacea,clade,123369
Fis-50862,Percomorphaceae,clade,1489872
Fis-50862,Ovalentaria,clade,1489908
Fis-50862,Atherinomorphae,superorder,1489913
Fis-50862,Beloniformes,order,76071
Fis-50862,Belonoidei,suborder,123731
Fis-50862,Zenarchopteridae,family,1489918
Fis-50862,Zenarchopterus,genus,131628
Fis-50862,Zenarchopterus gilli,species,2067539
Fis-25432,cellular organisms,no rank,131567
Fis-25432,Eukaryota,superkingdom,2759
Fis-25432,Opisthokonta,clade,33154
Fis-25432,Metazoa,kingdom,33208
Fis-25432,Eumetazoa,clade,6072
Fis-25432,Bilateria,clade,33213
Fis-25432,Deuterostomia,clade,33511
Fis-25432,Chordata,phylum,7711
Fis-25432,Craniata,subphylum,89593
Fis-25432,Vertebrata,clade,7742
Fis-25432,Gnathostomata,clade,7776
Fis-25432,Teleostomi,clade,117570
Fis-25432,Euteleostomi,clade,117571
Fis-25432,Actinopterygii,superclass,7898
Fis-25432,Actinopteri,class,186623
Fis-25432,Neopterygii,subclass,41665
Fis-25432,Teleostei,infraclass,32443
Fis-25432,Osteoglossocephalai,clade,1489341
Fis-25432,Clupeocephala,no rank,186625
Fis-25432,Euteleosteomorpha,cohort,1489388
Fis-25432,Neoteleostei,clade,123365
Fis-25432,Eurypterygia,clade,123366
Fis-25432,Ctenosquamata,clade,123367
Fis-25432,Acanthomorphata,clade,123368
Fis-25432,Paracanthomorphacea,clade,1489838
Fis-25432,Zeiogadaria,clade,1489841
Fis-25432,Zeariae,clade,1489842
Fis-25432,Zeiformes,order,31097
Fis-25432,Zenionidae,family,1367215
Fis-25432,Zenion,genus,181442
Fis-25432,Zenion hololepis,species,1008595
Fis-53661,cellular organisms,no rank,131567
Fis-53661,Eukaryota,superkingdom,2759
Fis-53661,Opisthokonta,clade,33154
Fis-53661,Metazoa,kingdom,33208
Fis-53661,Eumetazoa,clade,6072
Fis-53661,Bilateria,clade,33213
Fis-53661,Deuterostomia,clade,33511
Fis-53661,Chordata,phylum,7711
Fis-53661,Craniata,subphylum,89593
Fis-53661,Vertebrata,clade,7742
Fis-53661,Gnathostomata,clade,7776
Fis-53661,Teleostomi,clade,117570
Fis-53661,Euteleostomi,clade,117571
Fis-53661,Actinopterygii,superclass,7898
Fis-53661,Actinopteri,class,186623
Fis-53661,Neopterygii,subclass,41665
Fis-53661,Teleostei,infraclass,32443
Fis-53661,Osteoglossocephalai,clade,1489341
Fis-53661,Clupeocephala,no rank,186625
Fis-53661,Euteleosteomorpha,cohort,1489388
Fis-53661,Neoteleostei,clade,123365
Fis-53661,Eurypterygia,clade,123366
Fis-53661,Ctenosquamata,clade,123367
Fis-53661,Acanthomorphata,clade,123368
Fis-53661,Paracanthomorphacea,clade,1489838
Fis-53661,Zeiogadaria,clade,1489841
Fis-53661,Zeariae,clade,1489842
Fis-53661,Zeiformes,order,31097
Fis-53661,Zenionidae,family,1367215
Fis-53661,Zenion,genus,181442
Fis-53661,Zenion japonicum,species,181443
Fis-27884,cellular organisms,no rank,131567
Fis-27884,Eukaryota,superkingdom,2759
Fis-27884,Opisthokonta,clade,33154
Fis-27884,Metazoa,kingdom,33208
Fis-27884,Eumetazoa,clade,6072
Fis-27884,Bilateria,clade,33213
Fis-27884,Deuterostomia,clade,33511
Fis-27884,Chordata,phylum,7711
Fis-27884,Craniata,subphylum,89593
Fis-27884,Vertebrata,clade,7742
Fis-27884,Gnathostomata,clade,7776
Fis-27884,Teleostomi,clade,117570
Fis-27884,Euteleostomi,clade,117571
Fis-27884,Actinopterygii,superclass,7898
Fis-27884,Actinopteri,class,186623
Fis-27884,Neopterygii,subclass,41665
Fis-27884,Teleostei,infraclass,32443
Fis-27884,Osteoglossocephalai,clade,1489341
Fis-27884,Clupeocephala,no rank,186625
Fis-27884,Euteleosteomorpha,cohort,1489388
Fis-27884,Neoteleostei,clade,123365
Fis-27884,Eurypterygia,clade,123366
Fis-27884,Ctenosquamata,clade,123367
Fis-27884,Acanthomorphata,clade,123368
Fis-27884,Paracanthomorphacea,clade,1489838
Fis-27884,Zeiogadaria,clade,1489841
Fis-27884,Zeariae,clade,1489842
Fis-27884,Zeiformes,order,31097
Fis-27884,Zenionidae,family,1367215
Fis-27884,Zenion,genus,181442
Fis-27884,Zenion leptolepis,species,2697109
Fis-22974,cellular organisms,no rank,131567
Fis-22974,Eukaryota,superkingdom,2759
Fis-22974,Opisthokonta,clade,33154
Fis-22974,Metazoa,kingdom,33208
Fis-22974,Eumetazoa,clade,6072
Fis-22974,Bilateria,clade,33213
Fis-22974,Deuterostomia,clade,33511
Fis-22974,Chordata,phylum,7711
Fis-22974,Craniata,subphylum,89593
Fis-22974,Vertebrata,clade,7742
Fis-22974,Gnathostomata,clade,7776
Fis-22974,Teleostomi,clade,117570
Fis-22974,Euteleostomi,clade,117571
Fis-22974,Actinopterygii,superclass,7898
Fis-22974,Actinopteri,class,186623
Fis-22974,Neopterygii,subclass,41665
Fis-22974,Teleostei,infraclass,32443
Fis-22974,Osteoglossocephalai,clade,1489341
Fis-22974,Clupeocephala,no rank,186625
Fis-22974,Euteleosteomorpha,cohort,1489388
Fis-22974,Neoteleostei,clade,123365
Fis-22974,Eurypterygia,clade,123366
Fis-22974,Ctenosquamata,clade,123367
Fis-22974,Acanthomorphata,clade,123368
Fis-22974,Paracanthomorphacea,clade,1489838
Fis-22974,Zeiogadaria,clade,1489841
Fis-22974,Zeariae,clade,1489842
Fis-22974,Zeiformes,order,31097
Fis-22974,Zeidae,family,31103
Fis-22974,Zenopsis,genus,94938
Fis-22974,Zenopsis conchifer,species,245696
Fis-125235,cellular organisms,no rank,131567
Fis-125235,Eukaryota,superkingdom,2759
Fis-125235,Opisthokonta,clade,33154
Fis-125235,Metazoa,kingdom,33208
Fis-125235,Eumetazoa,clade,6072
Fis-125235,Bilateria,clade,33213
Fis-125235,Deuterostomia,clade,33511
Fis-125235,Chordata,phylum,7711
Fis-125235,Craniata,subphylum,89593
Fis-125235,Vertebrata,clade,7742
Fis-125235,Gnathostomata,clade,7776
Fis-125235,Teleostomi,clade,117570
Fis-125235,Euteleostomi,clade,117571
Fis-125235,Actinopterygii,superclass,7898
Fis-125235,Actinopteri,class,186623
Fis-125235,Neopterygii,subclass,41665
Fis-125235,Teleostei,infraclass,32443
Fis-125235,Osteoglossocephalai,clade,1489341
Fis-125235,Clupeocephala,no rank,186625
Fis-125235,Euteleosteomorpha,cohort,1489388
Fis-125235,Neoteleostei,clade,123365
Fis-125235,Eurypterygia,clade,123366
Fis-125235,Ctenosquamata,clade,123367
Fis-125235,Acanthomorphata,clade,123368
Fis-125235,Paracanthomorphacea,clade,1489838
Fis-125235,Zeiogadaria,clade,1489841
Fis-125235,Zeariae,clade,1489842
Fis-125235,Zeiformes,order,31097
Fis-125235,Zeidae,family,31103
Fis-125235,Zenopsis,genus,94938
Fis-125235,Zenopsis nebulosus,species,94939
Fis-161814,cellular organisms,no rank,131567
Fis-161814,Eukaryota,superkingdom,2759
Fis-161814,Opisthokonta,clade,33154
Fis-161814,Metazoa,kingdom,33208
Fis-161814,Eumetazoa,clade,6072
Fis-161814,Bilateria,clade,33213
Fis-161814,Deuterostomia,clade,33511
Fis-161814,Chordata,phylum,7711
Fis-161814,Craniata,subphylum,89593
Fis-161814,Vertebrata,clade,7742
Fis-161814,Gnathostomata,clade,7776
Fis-161814,Teleostomi,clade,117570
Fis-161814,Euteleostomi,clade,117571
Fis-161814,Actinopterygii,superclass,7898
Fis-161814,Actinopteri,class,186623
Fis-161814,Neopterygii,subclass,41665
Fis-161814,Teleostei,infraclass,32443
Fis-161814,Osteoglossocephalai,clade,1489341
Fis-161814,Clupeocephala,no rank,186625
Fis-161814,Euteleosteomorpha,cohort,1489388
Fis-161814,Neoteleostei,clade,123365
Fis-161814,Eurypterygia,clade,123366
Fis-161814,Ctenosquamata,clade,123367
Fis-161814,Acanthomorphata,clade,123368
Fis-161814,Paracanthomorphacea,clade,1489838
Fis-161814,Zeiogadaria,clade,1489841
Fis-161814,Zeariae,clade,1489842
Fis-161814,Zeiformes,order,31097
Fis-161814,Zeidae,family,31103
Fis-161814,Zenopsis,genus,94938
Fis-161814,Zenopsis stabilispinosa,species,2482910
Fis-146549,cellular organisms,no rank,131567
Fis-146549,Eukaryota,superkingdom,2759
Fis-146549,Opisthokonta,clade,33154
Fis-146549,Metazoa,kingdom,33208
Fis-146549,Eumetazoa,clade,6072
Fis-146549,Bilateria,clade,33213
Fis-146549,Deuterostomia,clade,33511
Fis-146549,Chordata,phylum,7711
Fis-146549,Craniata,subphylum,89593
Fis-146549,Vertebrata,clade,7742
Fis-146549,Gnathostomata,clade,7776
Fis-146549,Teleostomi,clade,117570
Fis-146549,Euteleostomi,clade,117571
Fis-146549,Actinopterygii,superclass,7898
Fis-146549,Actinopteri,class,186623
Fis-146549,Neopterygii,subclass,41665
Fis-146549,Teleostei,infraclass,32443
Fis-146549,Osteoglossocephalai,clade,1489341
Fis-146549,Clupeocephala,no rank,186625
Fis-146549,Euteleosteomorpha,cohort,1489388
Fis-146549,Neoteleostei,clade,123365
Fis-146549,Eurypterygia,clade,123366
Fis-146549,Ctenosquamata,clade,123367
Fis-146549,Acanthomorphata,clade,123368
Fis-146549,Euacanthomorphacea,clade,123369
Fis-146549,Percomorphaceae,clade,1489872
Fis-146549,Eupercaria,clade,1489922
Fis-146549,Perciformes,order,8111
Fis-146549,Cottioidei,suborder,8100
Fis-146549,Cottales,infraorder,1490021
Fis-146549,Cottidae,family,8092
Fis-146549,Zesticelus,genus,740937
Fis-146549,Zesticelus bathybius,species,1633456
Fis-28189,cellular organisms,no rank,131567
Fis-28189,Eukaryota,superkingdom,2759
Fis-28189,Opisthokonta,clade,33154
Fis-28189,Metazoa,kingdom,33208
Fis-28189,Eumetazoa,clade,6072
Fis-28189,Bilateria,clade,33213
Fis-28189,Deuterostomia,clade,33511
Fis-28189,Chordata,phylum,7711
Fis-28189,Craniata,subphylum,89593
Fis-28189,Vertebrata,clade,7742
Fis-28189,Gnathostomata,clade,7776
Fis-28189,Teleostomi,clade,117570
Fis-28189,Euteleostomi,clade,117571
Fis-28189,Actinopterygii,superclass,7898
Fis-28189,Actinopteri,class,186623
Fis-28189,Neopterygii,subclass,41665
Fis-28189,Teleostei,infraclass,32443
Fis-28189,Osteoglossocephalai,clade,1489341
Fis-28189,Clupeocephala,no rank,186625
Fis-28189,Euteleosteomorpha,cohort,1489388
Fis-28189,Neoteleostei,clade,123365
Fis-28189,Eurypterygia,clade,123366
Fis-28189,Ctenosquamata,clade,123367
Fis-28189,Acanthomorphata,clade,123368
Fis-28189,Euacanthomorphacea,clade,123369
Fis-28189,Percomorphaceae,clade,1489872
Fis-28189,Eupercaria,clade,1489922
Fis-28189,Perciformes,order,8111
Fis-28189,Cottioidei,suborder,8100
Fis-28189,Cottales,infraorder,1490021
Fis-28189,Cottidae,family,8092
Fis-28189,Zesticelus,genus,740937
Fis-28189,Zesticelus profundorum,species,740938
Fis-23892,cellular organisms,no rank,131567
Fis-23892,Eukaryota,superkingdom,2759
Fis-23892,Opisthokonta,clade,33154
Fis-23892,Metazoa,kingdom,33208
Fis-23892,Eumetazoa,clade,6072
Fis-23892,Bilateria,clade,33213
Fis-23892,Deuterostomia,clade,33511
Fis-23892,Chordata,phylum,7711
Fis-23892,Craniata,subphylum,89593
Fis-23892,Vertebrata,clade,7742
Fis-23892,Gnathostomata,clade,7776
Fis-23892,Teleostomi,clade,117570
Fis-23892,Euteleostomi,clade,117571
Fis-23892,Actinopterygii,superclass,7898
Fis-23892,Actinopteri,class,186623
Fis-23892,Neopterygii,subclass,41665
Fis-23892,Teleostei,infraclass,32443
Fis-23892,Osteoglossocephalai,clade,1489341
Fis-23892,Clupeocephala,no rank,186625
Fis-23892,Euteleosteomorpha,cohort,1489388
Fis-23892,Neoteleostei,clade,123365
Fis-23892,Eurypterygia,clade,123366
Fis-23892,Ctenosquamata,clade,123367
Fis-23892,Acanthomorphata,clade,123368
Fis-23892,Euacanthomorphacea,clade,123369
Fis-23892,Percomorphaceae,clade,1489872
Fis-23892,Carangaria,clade,1489904
Fis-23892,Pleuronectiformes,order,8252
Fis-23892,Pleuronectoidei,suborder,30942
Fis-23892,Scophthalmidae,family,52902
Fis-23892,Zeugopterus,genus,526622
Fis-23892,Zeugopterus punctatus,species,526623
Fis-32596,cellular organisms,no rank,131567
Fis-32596,Eukaryota,superkingdom,2759
Fis-32596,Opisthokonta,clade,33154
Fis-32596,Metazoa,kingdom,33208
Fis-32596,Eumetazoa,clade,6072
Fis-32596,Bilateria,clade,33213
Fis-32596,Deuterostomia,clade,33511
Fis-32596,Chordata,phylum,7711
Fis-32596,Craniata,subphylum,89593
Fis-32596,Vertebrata,clade,7742
Fis-32596,Gnathostomata,clade,7776
Fis-32596,Teleostomi,clade,117570
Fis-32596,Euteleostomi,clade,117571
Fis-32596,Actinopterygii,superclass,7898
Fis-32596,Actinopteri,class,186623
Fis-32596,Neopterygii,subclass,41665
Fis-32596,Teleostei,infraclass,32443
Fis-32596,Osteoglossocephalai,clade,1489341
Fis-32596,Clupeocephala,no rank,186625
Fis-32596,Euteleosteomorpha,cohort,1489388
Fis-32596,Neoteleostei,clade,123365
Fis-32596,Eurypterygia,clade,123366
Fis-32596,Ctenosquamata,clade,123367
Fis-32596,Acanthomorphata,clade,123368
Fis-32596,Paracanthomorphacea,clade,1489838
Fis-32596,Zeiogadaria,clade,1489841
Fis-32596,Zeariae,clade,1489842
Fis-32596,Zeiformes,order,31097
Fis-32596,Zeidae,family,31103
Fis-32596,Zeus,genus,64107
Fis-32596,Zeus capensis,species,741943
Fis-30758,cellular organisms,no rank,131567
Fis-30758,Eukaryota,superkingdom,2759
Fis-30758,Opisthokonta,clade,33154
Fis-30758,Metazoa,kingdom,33208
Fis-30758,Eumetazoa,clade,6072
Fis-30758,Bilateria,clade,33213
Fis-30758,Deuterostomia,clade,33511
Fis-30758,Chordata,phylum,7711
Fis-30758,Craniata,subphylum,89593
Fis-30758,Vertebrata,clade,7742
Fis-30758,Gnathostomata,clade,7776
Fis-30758,Teleostomi,clade,117570
Fis-30758,Euteleostomi,clade,117571
Fis-30758,Actinopterygii,superclass,7898
Fis-30758,Actinopteri,class,186623
Fis-30758,Neopterygii,subclass,41665
Fis-30758,Teleostei,infraclass,32443
Fis-30758,Osteoglossocephalai,clade,1489341
Fis-30758,Clupeocephala,no rank,186625
Fis-30758,Euteleosteomorpha,cohort,1489388
Fis-30758,Neoteleostei,clade,123365
Fis-30758,Eurypterygia,clade,123366
Fis-30758,Ctenosquamata,clade,123367
Fis-30758,Acanthomorphata,clade,123368
Fis-30758,Paracanthomorphacea,clade,1489838
Fis-30758,Zeiogadaria,clade,1489841
Fis-30758,Zeariae,clade,1489842
Fis-30758,Zeiformes,order,31097
Fis-30758,Zeidae,family,31103
Fis-30758,Zeus,genus,64107
Fis-30758,Zeus faber,species,64108
ITS-Mam-180498,cellular organisms,no rank,131567
ITS-Mam-180498,Eukaryota,superkingdom,2759
ITS-Mam-180498,Opisthokonta,clade,33154
ITS-Mam-180498,Metazoa,kingdom,33208
ITS-Mam-180498,Eumetazoa,clade,6072
ITS-Mam-180498,Bilateria,clade,33213
ITS-Mam-180498,Deuterostomia,clade,33511
ITS-Mam-180498,Chordata,phylum,7711
ITS-Mam-180498,Craniata,subphylum,89593
ITS-Mam-180498,Vertebrata,clade,7742
ITS-Mam-180498,Gnathostomata,clade,7776
ITS-Mam-180498,Teleostomi,clade,117570
ITS-Mam-180498,Euteleostomi,clade,117571
ITS-Mam-180498,Sarcopterygii,superclass,8287
ITS-Mam-180498,Dipnotetrapodomorpha,clade,1338369
ITS-Mam-180498,Tetrapoda,clade,32523
ITS-Mam-180498,Amniota,clade,32524
ITS-Mam-180498,Mammalia,class,40674
ITS-Mam-180498,Theria,clade,32525
ITS-Mam-180498,Eutheria,clade,9347
ITS-Mam-180498,Boreoeutheria,clade,1437010
ITS-Mam-180498,Laurasiatheria,superorder,314145
ITS-Mam-180498,Artiodactyla,order,91561
ITS-Mam-180498,Whippomorpha,suborder,2653789
ITS-Mam-180498,Cetacea,infraorder,9721
ITS-Mam-180498,Odontoceti,parvorder,9722
ITS-Mam-180498,Ziphiidae,family,9756
ITS-Mam-180498,Ziphius,genus,9759
ITS-Mam-180498,Ziphius cavirostris,species,9760
SLB-192973,cellular organisms,no rank,131567
SLB-192973,Eukaryota,superkingdom,2759
SLB-192973,Opisthokonta,clade,33154
SLB-192973,Metazoa,kingdom,33208
SLB-192973,Eumetazoa,clade,6072
SLB-192973,Cnidaria,phylum,6073
SLB-192973,Anthozoa,class,6101
SLB-192973,Hexacorallia,subclass,6102
SLB-192973,Zoantharia,order,44927
SLB-192973,Zoanthidae,family,86595
SLB-192973,Zoanthus,genus,105401
SLB-192973,Zoanthus gigantus,species,329727
SLB-192974,cellular organisms,no rank,131567
SLB-192974,Eukaryota,superkingdom,2759
SLB-192974,Opisthokonta,clade,33154
SLB-192974,Metazoa,kingdom,33208
SLB-192974,Eumetazoa,clade,6072
SLB-192974,Cnidaria,phylum,6073
SLB-192974,Anthozoa,class,6101
SLB-192974,Hexacorallia,subclass,6102
SLB-192974,Zoantharia,order,44927
SLB-192974,Zoanthidae,family,86595
SLB-192974,Zoanthus,genus,105401
SLB-192974,Zoanthus sansibaricus,species,329728
Fis-62945,cellular organisms,no rank,131567
Fis-62945,Eukaryota,superkingdom,2759
Fis-62945,Opisthokonta,clade,33154
Fis-62945,Metazoa,kingdom,33208
Fis-62945,Eumetazoa,clade,6072
Fis-62945,Bilateria,clade,33213
Fis-62945,Deuterostomia,clade,33511
Fis-62945,Chordata,phylum,7711
Fis-62945,Craniata,subphylum,89593
Fis-62945,Vertebrata,clade,7742
Fis-62945,Gnathostomata,clade,7776
Fis-62945,Teleostomi,clade,117570
Fis-62945,Euteleostomi,clade,117571
Fis-62945,Actinopterygii,superclass,7898
Fis-62945,Actinopteri,class,186623
Fis-62945,Neopterygii,subclass,41665
Fis-62945,Teleostei,infraclass,32443
Fis-62945,Osteoglossocephalai,clade,1489341
Fis-62945,Clupeocephala,no rank,186625
Fis-62945,Euteleosteomorpha,cohort,1489388
Fis-62945,Neoteleostei,clade,123365
Fis-62945,Eurypterygia,clade,123366
Fis-62945,Ctenosquamata,clade,123367
Fis-62945,Acanthomorphata,clade,123368
Fis-62945,Euacanthomorphacea,clade,123369
Fis-62945,Percomorphaceae,clade,1489872
Fis-62945,Eupercaria,clade,1489922
Fis-62945,Perciformes,order,8111
Fis-62945,Cottioidei,suborder,8100
Fis-62945,Zoarcales,infraorder,8192
Fis-62945,Zoarcidae,family,8193
Fis-62945,Zoarcinae,subfamily,561520
Fis-62945,Zoarces,genus,48415
Fis-62945,Zoarces americanus,species,8199
Fis-54403,cellular organisms,no rank,131567
Fis-54403,Eukaryota,superkingdom,2759
Fis-54403,Opisthokonta,clade,33154
Fis-54403,Metazoa,kingdom,33208
Fis-54403,Eumetazoa,clade,6072
Fis-54403,Bilateria,clade,33213
Fis-54403,Deuterostomia,clade,33511
Fis-54403,Chordata,phylum,7711
Fis-54403,Craniata,subphylum,89593
Fis-54403,Vertebrata,clade,7742
Fis-54403,Gnathostomata,clade,7776
Fis-54403,Teleostomi,clade,117570
Fis-54403,Euteleostomi,clade,117571
Fis-54403,Actinopterygii,superclass,7898
Fis-54403,Actinopteri,class,186623
Fis-54403,Neopterygii,subclass,41665
Fis-54403,Teleostei,infraclass,32443
Fis-54403,Osteoglossocephalai,clade,1489341
Fis-54403,Clupeocephala,no rank,186625
Fis-54403,Euteleosteomorpha,cohort,1489388
Fis-54403,Neoteleostei,clade,123365
Fis-54403,Eurypterygia,clade,123366
Fis-54403,Ctenosquamata,clade,123367
Fis-54403,Acanthomorphata,clade,123368
Fis-54403,Euacanthomorphacea,clade,123369
Fis-54403,Percomorphaceae,clade,1489872
Fis-54403,Eupercaria,clade,1489922
Fis-54403,Perciformes,order,8111
Fis-54403,Cottioidei,suborder,8100
Fis-54403,Zoarcales,infraorder,8192
Fis-54403,Zoarcidae,family,8193
Fis-54403,Zoarcinae,subfamily,561520
Fis-54403,Zoarces,genus,48415
Fis-54403,Zoarces elongatus,species,291231
Fis-23316,cellular organisms,no rank,131567
Fis-23316,Eukaryota,superkingdom,2759
Fis-23316,Opisthokonta,clade,33154
Fis-23316,Metazoa,kingdom,33208
Fis-23316,Eumetazoa,clade,6072
Fis-23316,Bilateria,clade,33213
Fis-23316,Deuterostomia,clade,33511
Fis-23316,Chordata,phylum,7711
Fis-23316,Craniata,subphylum,89593
Fis-23316,Vertebrata,clade,7742
Fis-23316,Gnathostomata,clade,7776
Fis-23316,Teleostomi,clade,117570
Fis-23316,Euteleostomi,clade,117571
Fis-23316,Actinopterygii,superclass,7898
Fis-23316,Actinopteri,class,186623
Fis-23316,Neopterygii,subclass,41665
Fis-23316,Teleostei,infraclass,32443
Fis-23316,Osteoglossocephalai,clade,1489341
Fis-23316,Clupeocephala,no rank,186625
Fis-23316,Euteleosteomorpha,cohort,1489388
Fis-23316,Neoteleostei,clade,123365
Fis-23316,Eurypterygia,clade,123366
Fis-23316,Ctenosquamata,clade,123367
Fis-23316,Acanthomorphata,clade,123368
Fis-23316,Euacanthomorphacea,clade,123369
Fis-23316,Percomorphaceae,clade,1489872
Fis-23316,Eupercaria,clade,1489922
Fis-23316,Perciformes,order,8111
Fis-23316,Cottioidei,suborder,8100
Fis-23316,Zoarcales,infraorder,8192
Fis-23316,Zoarcidae,family,8193
Fis-23316,Zoarcinae,subfamily,561520
Fis-23316,Zoarces,genus,48415
Fis-23316,Zoarces viviparus,species,48416
W-Cha-266888,cellular organisms,no rank,131567
W-Cha-266888,Eukaryota,superkingdom,2759
W-Cha-266888,Opisthokonta,clade,33154
W-Cha-266888,Metazoa,kingdom,33208
W-Cha-266888,Eumetazoa,clade,6072
W-Cha-266888,Bilateria,clade,33213
W-Cha-266888,Protostomia,clade,33317
W-Cha-266888,Spiralia,clade,2697495
W-Cha-266888,Gnathifera,clade,2697496
W-Cha-266888,Chaetognatha,phylum,10229
W-Cha-266888,Sagittoidea,class,1421718
W-Cha-266888,Aphragmophora,order,33512
W-Cha-266888,Ctenodontina,suborder,34752
W-Cha-266888,Sagittidae,family,34753
W-Cha-266888,Zonosagitta,genus,648571
W-Cha-266888,Zonosagitta pulchra,species,1115688
URM-Cn-5796,cellular organisms,no rank,131567
URM-Cn-5796,Eukaryota,superkingdom,2759
URM-Cn-5796,Opisthokonta,clade,33154
URM-Cn-5796,Metazoa,kingdom,33208
URM-Cn-5796,Eumetazoa,clade,6072
URM-Cn-5796,Cnidaria,phylum,6073
URM-Cn-5796,Anthozoa,class,6101
URM-Cn-5796,Hexacorallia,subclass,6102
URM-Cn-5796,Scleractinia,order,6125
URM-Cn-5796,Fungiina,suborder,123758
URM-Cn-5796,Fungiidae,family,46711
URM-Cn-5796,Zoopilus,genus,46716
URM-Cn-5796,Zoopilus echinatus,species,46717
Fis-159570,cellular organisms,no rank,131567
Fis-159570,Eukaryota,superkingdom,2759
Fis-159570,Opisthokonta,clade,33154
Fis-159570,Metazoa,kingdom,33208
Fis-159570,Eumetazoa,clade,6072
Fis-159570,Bilateria,clade,33213
Fis-159570,Deuterostomia,clade,33511
Fis-159570,Chordata,phylum,7711
Fis-159570,Craniata,subphylum,89593
Fis-159570,Vertebrata,clade,7742
Fis-159570,Gnathostomata,clade,7776
Fis-159570,Teleostomi,clade,117570
Fis-159570,Euteleostomi,clade,117571
Fis-159570,Actinopterygii,superclass,7898
Fis-159570,Actinopteri,class,186623
Fis-159570,Neopterygii,subclass,41665
Fis-159570,Teleostei,infraclass,32443
Fis-159570,Osteoglossocephalai,clade,1489341
Fis-159570,Clupeocephala,no rank,186625
Fis-159570,Euteleosteomorpha,cohort,1489388
Fis-159570,Neoteleostei,clade,123365
Fis-159570,Eurypterygia,clade,123366
Fis-159570,Ctenosquamata,clade,123367
Fis-159570,Acanthomorphata,clade,123368
Fis-159570,Euacanthomorphacea,clade,123369
Fis-159570,Percomorphaceae,clade,1489872
Fis-159570,Gobiaria,clade,1489875
Fis-159570,Kurtiformes,order,1489876
Fis-159570,Apogonoidei,suborder,1489877
Fis-159570,Apogonidae,family,83881
Fis-159570,Apogoninae,subfamily,475176
Fis-159570,Zoramia,genus,475177
Fis-159570,Zoramia fragilis,species,638146
Fis-159568,cellular organisms,no rank,131567
Fis-159568,Eukaryota,superkingdom,2759
Fis-159568,Opisthokonta,clade,33154
Fis-159568,Metazoa,kingdom,33208
Fis-159568,Eumetazoa,clade,6072
Fis-159568,Bilateria,clade,33213
Fis-159568,Deuterostomia,clade,33511
Fis-159568,Chordata,phylum,7711
Fis-159568,Craniata,subphylum,89593
Fis-159568,Vertebrata,clade,7742
Fis-159568,Gnathostomata,clade,7776
Fis-159568,Teleostomi,clade,117570
Fis-159568,Euteleostomi,clade,117571
Fis-159568,Actinopterygii,superclass,7898
Fis-159568,Actinopteri,class,186623
Fis-159568,Neopterygii,subclass,41665
Fis-159568,Teleostei,infraclass,32443
Fis-159568,Osteoglossocephalai,clade,1489341
Fis-159568,Clupeocephala,no rank,186625
Fis-159568,Euteleosteomorpha,cohort,1489388
Fis-159568,Neoteleostei,clade,123365
Fis-159568,Eurypterygia,clade,123366
Fis-159568,Ctenosquamata,clade,123367
Fis-159568,Acanthomorphata,clade,123368
Fis-159568,Euacanthomorphacea,clade,123369
Fis-159568,Percomorphaceae,clade,1489872
Fis-159568,Gobiaria,clade,1489875
Fis-159568,Kurtiformes,order,1489876
Fis-159568,Apogonoidei,suborder,1489877
Fis-159568,Apogonidae,family,83881
Fis-159568,Apogoninae,subfamily,475176
Fis-159568,Zoramia,genus,475177
Fis-159568,Zoramia gilberti,species,316353
Fis-159567,cellular organisms,no rank,131567
Fis-159567,Eukaryota,superkingdom,2759
Fis-159567,Opisthokonta,clade,33154
Fis-159567,Metazoa,kingdom,33208
Fis-159567,Eumetazoa,clade,6072
Fis-159567,Bilateria,clade,33213
Fis-159567,Deuterostomia,clade,33511
Fis-159567,Chordata,phylum,7711
Fis-159567,Craniata,subphylum,89593
Fis-159567,Vertebrata,clade,7742
Fis-159567,Gnathostomata,clade,7776
Fis-159567,Teleostomi,clade,117570
Fis-159567,Euteleostomi,clade,117571
Fis-159567,Actinopterygii,superclass,7898
Fis-159567,Actinopteri,class,186623
Fis-159567,Neopterygii,subclass,41665
Fis-159567,Teleostei,infraclass,32443
Fis-159567,Osteoglossocephalai,clade,1489341
Fis-159567,Clupeocephala,no rank,186625
Fis-159567,Euteleosteomorpha,cohort,1489388
Fis-159567,Neoteleostei,clade,123365
Fis-159567,Eurypterygia,clade,123366
Fis-159567,Ctenosquamata,clade,123367
Fis-159567,Acanthomorphata,clade,123368
Fis-159567,Euacanthomorphacea,clade,123369
Fis-159567,Percomorphaceae,clade,1489872
Fis-159567,Gobiaria,clade,1489875
Fis-159567,Kurtiformes,order,1489876
Fis-159567,Apogonoidei,suborder,1489877
Fis-159567,Apogonidae,family,83881
Fis-159567,Apogoninae,subfamily,475176
Fis-159567,Zoramia,genus,475177
Fis-159567,Zoramia leptacantha,species,316352
Fis-159562,cellular organisms,no rank,131567
Fis-159562,Eukaryota,superkingdom,2759
Fis-159562,Opisthokonta,clade,33154
Fis-159562,Metazoa,kingdom,33208
Fis-159562,Eumetazoa,clade,6072
Fis-159562,Bilateria,clade,33213
Fis-159562,Deuterostomia,clade,33511
Fis-159562,Chordata,phylum,7711
Fis-159562,Craniata,subphylum,89593
Fis-159562,Vertebrata,clade,7742
Fis-159562,Gnathostomata,clade,7776
Fis-159562,Teleostomi,clade,117570
Fis-159562,Euteleostomi,clade,117571
Fis-159562,Actinopterygii,superclass,7898
Fis-159562,Actinopteri,class,186623
Fis-159562,Neopterygii,subclass,41665
Fis-159562,Teleostei,infraclass,32443
Fis-159562,Osteoglossocephalai,clade,1489341
Fis-159562,Clupeocephala,no rank,186625
Fis-159562,Euteleosteomorpha,cohort,1489388
Fis-159562,Neoteleostei,clade,123365
Fis-159562,Eurypterygia,clade,123366
Fis-159562,Ctenosquamata,clade,123367
Fis-159562,Acanthomorphata,clade,123368
Fis-159562,Euacanthomorphacea,clade,123369
Fis-159562,Percomorphaceae,clade,1489872
Fis-159562,Gobiaria,clade,1489875
Fis-159562,Kurtiformes,order,1489876
Fis-159562,Apogonoidei,suborder,1489877
Fis-159562,Apogonidae,family,83881
Fis-159562,Apogoninae,subfamily,475176
Fis-159562,Zoramia,genus,475177
Fis-159562,Zoramia viridiventer,species,1399765
W-Ase-254831,cellular organisms,no rank,131567
W-Ase-254831,Eukaryota,superkingdom,2759
W-Ase-254831,Opisthokonta,clade,33154
W-Ase-254831,Metazoa,kingdom,33208
W-Ase-254831,Eumetazoa,clade,6072
W-Ase-254831,Bilateria,clade,33213
W-Ase-254831,Deuterostomia,clade,33511
W-Ase-254831,Echinodermata,phylum,7586
W-Ase-254831,Eleutherozoa,clade,133551
W-Ase-254831,Asterozoa,superclass,7587
W-Ase-254831,Asteroidea,class,7588
W-Ase-254831,Forcipulatacea,superorder,41242
W-Ase-254831,Forcipulatida,order,7599
W-Ase-254831,Zoroasteridae,family,136946
W-Ase-254831,Zoroaster,genus,231628
W-Ase-254831,Zoroaster carinatus,species,337888
W-Ase-254836,cellular organisms,no rank,131567
W-Ase-254836,Eukaryota,superkingdom,2759
W-Ase-254836,Opisthokonta,clade,33154
W-Ase-254836,Metazoa,kingdom,33208
W-Ase-254836,Eumetazoa,clade,6072
W-Ase-254836,Bilateria,clade,33213
W-Ase-254836,Deuterostomia,clade,33511
W-Ase-254836,Echinodermata,phylum,7586
W-Ase-254836,Eleutherozoa,clade,133551
W-Ase-254836,Asterozoa,superclass,7587
W-Ase-254836,Asteroidea,class,7588
W-Ase-254836,Forcipulatacea,superorder,41242
W-Ase-254836,Forcipulatida,order,7599
W-Ase-254836,Zoroasteridae,family,136946
W-Ase-254836,Zoroaster,genus,231628
W-Ase-254836,Zoroaster ophiactis,species,467010
W-Ase-254837,cellular organisms,no rank,131567
W-Ase-254837,Eukaryota,superkingdom,2759
W-Ase-254837,Opisthokonta,clade,33154
W-Ase-254837,Metazoa,kingdom,33208
W-Ase-254837,Eumetazoa,clade,6072
W-Ase-254837,Bilateria,clade,33213
W-Ase-254837,Deuterostomia,clade,33511
W-Ase-254837,Echinodermata,phylum,7586
W-Ase-254837,Eleutherozoa,clade,133551
W-Ase-254837,Asterozoa,superclass,7587
W-Ase-254837,Asteroidea,class,7588
W-Ase-254837,Forcipulatacea,superorder,41242
W-Ase-254837,Forcipulatida,order,7599
W-Ase-254837,Zoroasteridae,family,136946
W-Ase-254837,Zoroaster,genus,231628
W-Ase-254837,Zoroaster ophiurus,species,869227
W-Bch-209076,cellular organisms,no rank,131567
W-Bch-209076,Eukaryota,superkingdom,2759
W-Bch-209076,Opisthokonta,clade,33154
W-Bch-209076,Metazoa,kingdom,33208
W-Bch-209076,Eumetazoa,clade,6072
W-Bch-209076,Bilateria,clade,33213
W-Bch-209076,Protostomia,clade,33317
W-Bch-209076,Ecdysozoa,clade,1206794
W-Bch-209076,Panarthropoda,clade,88770
W-Bch-209076,Arthropoda,phylum,6656
W-Bch-209076,Mandibulata,clade,197563
W-Bch-209076,Pancrustacea,clade,197562
W-Bch-209076,Crustacea,subphylum,6657
W-Bch-209076,Multicrustacea,superclass,2172821
W-Bch-209076,Malacostraca,class,6681
W-Bch-209076,Eumalacostraca,subclass,72041
W-Bch-209076,Eucarida,superorder,6682
W-Bch-209076,Decapoda,order,6683
W-Bch-209076,Pleocyemata,suborder,6692
W-Bch-209076,Brachyura,infraorder,6752
W-Bch-209076,Eubrachyura,no rank,116704
W-Bch-209076,Heterotremata,no rank,116706
W-Bch-209076,Xanthoidea,superfamily,6778
W-Bch-209076,Xanthidae,family,6779
W-Bch-209076,Zosimus,genus,903795
W-Bch-209076,Zosimus aeneus,species,903796
Fis-28733,cellular organisms,no rank,131567
Fis-28733,Eukaryota,superkingdom,2759
Fis-28733,Opisthokonta,clade,33154
Fis-28733,Metazoa,kingdom,33208
Fis-28733,Eumetazoa,clade,6072
Fis-28733,Bilateria,clade,33213
Fis-28733,Deuterostomia,clade,33511
Fis-28733,Chordata,phylum,7711
Fis-28733,Craniata,subphylum,89593
Fis-28733,Vertebrata,clade,7742
Fis-28733,Gnathostomata,clade,7776
Fis-28733,Teleostomi,clade,117570
Fis-28733,Euteleostomi,clade,117571
Fis-28733,Actinopterygii,superclass,7898
Fis-28733,Actinopteri,class,186623
Fis-28733,Neopterygii,subclass,41665
Fis-28733,Teleostei,infraclass,32443
Fis-28733,Osteoglossocephalai,clade,1489341
Fis-28733,Clupeocephala,no rank,186625
Fis-28733,Euteleosteomorpha,cohort,1489388
Fis-28733,Neoteleostei,clade,123365
Fis-28733,Eurypterygia,clade,123366
Fis-28733,Ctenosquamata,clade,123367
Fis-28733,Acanthomorphata,clade,123368
Fis-28733,Euacanthomorphacea,clade,123369
Fis-28733,Percomorphaceae,clade,1489872
Fis-28733,Gobiaria,clade,1489875
Fis-28733,Gobiiformes,order,1489878
Fis-28733,Gobioidei,suborder,8219
Fis-28733,Gobiidae,family,8220
Fis-28733,Gobiinae,subfamily,497223
Fis-28733,Zosterisessor,genus,85427
Fis-28733,Zosterisessor ophiocephalus,species,85428
Fis-23893,cellular organisms,no rank,131567
Fis-23893,Eukaryota,superkingdom,2759
Fis-23893,Opisthokonta,clade,33154
Fis-23893,Metazoa,kingdom,33208
Fis-23893,Eumetazoa,clade,6072
Fis-23893,Bilateria,clade,33213
Fis-23893,Deuterostomia,clade,33511
Fis-23893,Chordata,phylum,7711
Fis-23893,Craniata,subphylum,89593
Fis-23893,Vertebrata,clade,7742
Fis-23893,Gnathostomata,clade,7776
Fis-23893,Teleostomi,clade,117570
Fis-23893,Euteleostomi,clade,117571
Fis-23893,Actinopterygii,superclass,7898
Fis-23893,Actinopteri,class,186623
Fis-23893,Neopterygii,subclass,41665
Fis-23893,Teleostei,infraclass,32443
Fis-23893,Osteoglossocephalai,clade,1489341
Fis-23893,Clupeocephala,no rank,186625
Fis-23893,Euteleosteomorpha,cohort,1489388
Fis-23893,Neoteleostei,clade,123365
Fis-23893,Eurypterygia,clade,123366
Fis-23893,Ctenosquamata,clade,123367
Fis-23893,Acanthomorphata,clade,123368
Fis-23893,Lampridacea,clade,123357
Fis-23893,Lampriformes,order,81386
Fis-23893,Trachipteridae,family,81393
Fis-23893,Zu,genus,143324
Fis-23893,Zu cristatus,species,143325
Fis-34086,cellular organisms,no rank,131567
Fis-34086,Eukaryota,superkingdom,2759
Fis-34086,Opisthokonta,clade,33154
Fis-34086,Metazoa,kingdom,33208
Fis-34086,Eumetazoa,clade,6072
Fis-34086,Bilateria,clade,33213
Fis-34086,Deuterostomia,clade,33511
Fis-34086,Chordata,phylum,7711
Fis-34086,Craniata,subphylum,89593
Fis-34086,Vertebrata,clade,7742
Fis-34086,Gnathostomata,clade,7776
Fis-34086,Teleostomi,clade,117570
Fis-34086,Euteleostomi,clade,117571
Fis-34086,Actinopterygii,superclass,7898
Fis-34086,Actinopteri,class,186623
Fis-34086,Neopterygii,subclass,41665
Fis-34086,Teleostei,infraclass,32443
Fis-34086,Osteoglossocephalai,clade,1489341
Fis-34086,Clupeocephala,no rank,186625
Fis-34086,Euteleosteomorpha,cohort,1489388
Fis-34086,Neoteleostei,clade,123365
Fis-34086,Eurypterygia,clade,123366
Fis-34086,Ctenosquamata,clade,123367
Fis-34086,Acanthomorphata,clade,123368
Fis-34086,Lampridacea,clade,123357
Fis-34086,Lampriformes,order,81386
Fis-34086,Trachipteridae,family,81393
Fis-34086,Zu,genus,143324
Fis-34086,Zu elongatus,species,1910902
W-Por-167454,cellular organisms,no rank,131567
W-Por-167454,Eukaryota,superkingdom,2759
W-Por-167454,Opisthokonta,clade,33154
W-Por-167454,Metazoa,kingdom,33208
W-Por-167454,Porifera,phylum,6040
W-Por-167454,Demospongiae,class,6042
W-Por-167454,Heteroscleromorpha,subclass,1779146
W-Por-167454,Poecilosclerida,order,27925
W-Por-167454,Acarnidae,clade,561729
W-Por-167454,Zyzzya,genus,561730
W-Por-167454,Zyzzya fuliginosa,species,1346156
