spp_gp,taxon,exposure_mod,zone,btm_only,intertidal_only,taxon_excl,clear,override,stressor
abdopus,cephalopods,0,epipelagic;neritic;benthic,TRUE,FALSE,FALSE,TRUE,TRUE,wildlife_strike
abdopus abaculus,cephalopods,0,epipelagic;neritic;benthic,TRUE,FALSE,FALSE,TRUE,TRUE,wildlife_strike
abdopus aculeatus,cephalopods,0,epipelagic;neritic;benthic,TRUE,FALSE,FALSE,TRUE,TRUE,wildlife_strike
abdopus horridus,cephalopods,0,epipelagic;neritic;benthic,TRUE,FALSE,FALSE,TRUE,TRUE,wildlife_strike
abdopus tenebricus,cephalopods,0,epipelagic;neritic;benthic,TRUE,FALSE,FALSE,TRUE,TRUE,wildlife_strike
abdopus tonganus,cephalopods,0,epipelagic;neritic;benthic,TRUE,FALSE,FALSE,TRUE,TRUE,wildlife_strike
abdopus undulatus,cephalopods,0,epipelagic;neritic;benthic,TRUE,FALSE,FALSE,TRUE,TRUE,wildlife_strike
acanthaster,echinoderms,0,epipelagic;benthic,TRUE,FALSE,FALSE,TRUE,TRUE,wildlife_strike
acanthochromis polyacanthus,fish,0,epipelagic;benthic;demersal,TRUE,FALSE,FALSE,TRUE,TRUE,wildlife_strike
acanthurus dussumieri,fish,0,epipelagic;demersal;benthic,TRUE,FALSE,FALSE,TRUE,TRUE,wildlife_strike
acrochordus,reptiles,0,epipelagic;air;intertidal;benthic,FALSE,TRUE,FALSE,TRUE,TRUE,wildlife_strike
acropora,corals,0,epipelagic;benthic;neritic,TRUE,FALSE,FALSE,TRUE,TRUE,wildlife_strike
actinopyga echinites,echinoderms,0,epipelagic;benthic,TRUE,FALSE,FALSE,TRUE,TRUE,wildlife_strike
adamussium colbecki,molluscs,0,epipelagic;benthic,TRUE,FALSE,TRUE,TRUE,TRUE,wildlife_strike
adelieledone adelieana,cephalopods,0,epipelagic;mesopelagic;neritic;benthic,TRUE,FALSE,FALSE,TRUE,TRUE,wildlife_strike
adelieledone piatkowski,cephalopods,0,mesopelagic;bathypelagic;neritic;benthic,TRUE,FALSE,FALSE,TRUE,TRUE,wildlife_strike
aeolidia papillosa,molluscs,0,epipelagic;intertidal,FALSE,TRUE,TRUE,TRUE,TRUE,wildlife_strike
afrololigo mercatoris,cephalopods,0,epipelagic;neritic;demersal,TRUE,FALSE,FALSE,TRUE,TRUE,wildlife_strike
alcichthys elongatus,fish,0,epipelagic;demersal,TRUE,FALSE,FALSE,TRUE,TRUE,wildlife_strike
allonautilus,cephalopods,0,epipelagic;mesopelagic;neritic;demersal,TRUE,FALSE,FALSE,TRUE,TRUE,wildlife_strike
alloteuthis,cephalopods,0,epipelagic;mesopelagic;neritic;demersal,TRUE,FALSE,FALSE,TRUE,TRUE,wildlife_strike
amblyraja,elasmobranchs,0,epipelagic;mesopelagic;bathypelagic;abyssopelagic;demersal,TRUE,FALSE,FALSE,TRUE,TRUE,wildlife_strike
amblyrhynchus cristatus,reptiles,0,epipelagic;air;intertidal,FALSE,TRUE,FALSE,TRUE,TRUE,wildlife_strike
ameloctopus litoralis,cephalopods,0,epipelagic;mesopelagic;neritic;benthic,TRUE,FALSE,FALSE,TRUE,TRUE,wildlife_strike
amphioctopus,cephalopods,0,epipelagic;neritic;benthic,TRUE,FALSE,FALSE,TRUE,TRUE,wildlife_strike
amphioctopus aegina,cephalopods,0,epipelagic;neritic;benthic,TRUE,FALSE,FALSE,TRUE,TRUE,wildlife_strike
amphioctopus arenicola,cephalopods,0,epipelagic;neritic;benthic,TRUE,FALSE,FALSE,TRUE,TRUE,wildlife_strike
amphioctopus burryi,cephalopods,0,epipelagic;neritic;benthic,TRUE,FALSE,FALSE,TRUE,TRUE,wildlife_strike
amphioctopus exannulatus,cephalopods,0,epipelagic;neritic;benthic,TRUE,FALSE,FALSE,TRUE,TRUE,wildlife_strike
amphioctopus fangsiao,cephalopods,0,epipelagic;neritic;benthic,TRUE,FALSE,FALSE,TRUE,TRUE,wildlife_strike
amphioctopus kagoshimensis,cephalopods,0,epipelagic;neritic;benthic,TRUE,FALSE,FALSE,TRUE,TRUE,wildlife_strike
amphioctopus marginatus,cephalopods,0,epipelagic;neritic;benthic,TRUE,FALSE,FALSE,TRUE,TRUE,wildlife_strike
amphioctopus membranaceus,cephalopods,0,epipelagic;neritic;benthic,TRUE,FALSE,FALSE,TRUE,TRUE,wildlife_strike
amphioctopus mototi,cephalopods,0,epipelagic;neritic;benthic,TRUE,FALSE,FALSE,TRUE,TRUE,wildlife_strike
amphioctopus neglectus,cephalopods,0,epipelagic;neritic;benthic,TRUE,FALSE,FALSE,TRUE,TRUE,wildlife_strike
amphioctopus ovulum,cephalopods,0,epipelagic;neritic;benthic,TRUE,FALSE,FALSE,TRUE,TRUE,wildlife_strike
amphioctopus polyzenia,cephalopods,0,epipelagic;neritic;benthic,TRUE,FALSE,FALSE,TRUE,TRUE,wildlife_strike
amphioctopus rex,cephalopods,0,epipelagic;neritic;benthic,TRUE,FALSE,FALSE,TRUE,TRUE,wildlife_strike
amphioctopus robsoni,cephalopods,0,epipelagic;neritic;benthic,TRUE,FALSE,FALSE,TRUE,TRUE,wildlife_strike
amphioctopus siamensis,cephalopods,0,epipelagic;neritic;benthic,TRUE,FALSE,FALSE,TRUE,TRUE,wildlife_strike
amphioctopus varunae,cephalopods,0,epipelagic;neritic;benthic,TRUE,FALSE,FALSE,TRUE,TRUE,wildlife_strike
amphiodia occidentalis,echinoderms,0,epipelagic;benthic,TRUE,FALSE,FALSE,TRUE,TRUE,wildlife_strike
amphipholis squamata,echinoderms,0,epipelagic;benthic,TRUE,FALSE,FALSE,TRUE,TRUE,wildlife_strike
anacanthobatidae,elasmobranchs,0,epipelagic;mesopelagic;bathypelagic;benthic,TRUE,FALSE,FALSE,TRUE,TRUE,wildlife_strike
anadara trapezia,molluscs,0,epipelagic;benthic,TRUE,FALSE,TRUE,TRUE,TRUE,wildlife_strike
ancylopsetta cycloidea,fish,0,epipelagic;demersal,TRUE,FALSE,FALSE,TRUE,TRUE,wildlife_strike
ancylopsetta kumperae,fish,0,epipelagic;demersal,TRUE,FALSE,FALSE,TRUE,TRUE,wildlife_strike
anneissia japonica,echinoderms,0,epipelagic;benthic,TRUE,FALSE,FALSE,TRUE,TRUE,wildlife_strike
antedon mediterranea,echinoderms,0,epipelagic;benthic,TRUE,FALSE,FALSE,TRUE,TRUE,wildlife_strike
antipodocottus galatheae,fish,0,epipelagic;demersal,TRUE,FALSE,FALSE,TRUE,TRUE,wildlife_strike
aplysia californica,molluscs,0,epipelagic;intertidal,FALSE,TRUE,TRUE,TRUE,TRUE,wildlife_strike
aplysia vaccaria,molluscs,0,epipelagic;intertidal,FALSE,TRUE,TRUE,TRUE,TRUE,wildlife_strike
apogon indicus,fish,0,epipelagic;demersal,TRUE,FALSE,FALSE,TRUE,TRUE,wildlife_strike
apogonichthys ocellatus,fish,0,epipelagic;demersal,TRUE,FALSE,FALSE,TRUE,TRUE,wildlife_strike
aporometra wilsoni,echinoderms,0,epipelagic;benthic,TRUE,FALSE,FALSE,TRUE,TRUE,wildlife_strike
apostichopus californicus,echinoderms,0,epipelagic;benthic,TRUE,FALSE,FALSE,TRUE,TRUE,wildlife_strike
apostichopus japonicus,echinoderms,0,epipelagic;benthic,TRUE,FALSE,FALSE,TRUE,TRUE,wildlife_strike
apristurus,elasmobranchs,0,epipelagic;mesopelagic;bathypelagic;abyssopelagic;demersal,TRUE,FALSE,FALSE,TRUE,TRUE,wildlife_strike
apterichtus kendalli,fish,0,epipelagic;mesopelagic;neritic;demersal,TRUE,FALSE,FALSE,TRUE,TRUE,wildlife_strike
aptychotrema,elasmobranchs,0,epipelagic;mesopelagic;benthic,TRUE,FALSE,FALSE,TRUE,TRUE,wildlife_strike
aquilonastra burtoni,echinoderms,0,epipelagic;benthic,TRUE,FALSE,FALSE,TRUE,TRUE,wildlife_strike
arachnoides placenta,echinoderms,0,epipelagic;benthic,TRUE,FALSE,FALSE,TRUE,TRUE,wildlife_strike
argopecten irradians,molluscs,0,epipelagic;benthic,TRUE,FALSE,TRUE,TRUE,TRUE,wildlife_strike
arhynchobatidae,elasmobranchs,0,epipelagic;mesopelagic;bathypelagic;benthic;demersal,TRUE,FALSE,FALSE,TRUE,TRUE,wildlife_strike
arnoglossus imperialis,fish,0,epipelagic;demersal,TRUE,FALSE,FALSE,TRUE,TRUE,wildlife_strike
artediellichthys nigripinnis,fish,0,epipelagic;demersal,TRUE,FALSE,FALSE,TRUE,TRUE,wildlife_strike
asarcenchelys longimanus,fish,0,epipelagic;mesopelagic;neritic;demersal,TRUE,FALSE,FALSE,TRUE,TRUE,wildlife_strike
asterias rubens,echinoderms,0,epipelagic;benthic,TRUE,FALSE,FALSE,TRUE,TRUE,wildlife_strike
asterina gibbosa,echinoderms,0,epipelagic;benthic,TRUE,FALSE,FALSE,TRUE,TRUE,wildlife_strike
asterina phylactica,echinoderms,0,epipelagic;benthic,TRUE,FALSE,FALSE,TRUE,TRUE,wildlife_strike
asterina stellifera,echinoderms,0,epipelagic;benthic,TRUE,FALSE,FALSE,TRUE,TRUE,wildlife_strike
asymbolus,elasmobranchs,0,epipelagic;mesopelagic;demersal,TRUE,FALSE,FALSE,TRUE,TRUE,wildlife_strike
atelomycterus,elasmobranchs,0,epipelagic;mesopelagic;demersal,TRUE,FALSE,FALSE,TRUE,TRUE,wildlife_strike
aulohalaelurus,elasmobranchs,0,epipelagic;mesopelagic;demersal,TRUE,FALSE,FALSE,TRUE,TRUE,wildlife_strike
australiteuthis aldrichi,cephalopods,0,epipelagic;neritic;demersal,TRUE,FALSE,FALSE,TRUE,TRUE,wildlife_strike
australostichopus mollis,echinoderms,0,epipelagic;benthic,TRUE,FALSE,FALSE,TRUE,TRUE,wildlife_strike
austrorossia,cephalopods,0,epipelagic;mesopelagic;neritic;demersal,TRUE,FALSE,FALSE,TRUE,TRUE,wildlife_strike
balistoides viridescens,fish,0,epipelagic;benthic;neritic,TRUE,FALSE,FALSE,TRUE,TRUE,wildlife_strike
bankia setacea,molluscs,0,epipelagic;benthic,TRUE,FALSE,TRUE,TRUE,TRUE,wildlife_strike
bathypolypus arcticus,cephalopods,0,mesopelagic;bathypelagic;neritic;benthic,TRUE,FALSE,FALSE,TRUE,TRUE,wildlife_strike
bathypolypus bairdii,cephalopods,0,mesopelagic;bathypelagic;epipelagic;neritic;benthic,TRUE,FALSE,FALSE,TRUE,TRUE,wildlife_strike
bathypolypus ergasticus,cephalopods,0,mesopelagic;bathypelagic;neritic;benthic,TRUE,FALSE,FALSE,TRUE,TRUE,wildlife_strike
bathypolypus pugniger,cephalopods,0,mesopelagic;bathypelagic;epipelagic;neritic;benthic,TRUE,FALSE,FALSE,TRUE,TRUE,wildlife_strike
bathypolypus rubrostictus,cephalopods,0,mesopelagic;neritic;benthic,TRUE,FALSE,FALSE,TRUE,TRUE,wildlife_strike
bathypolypus sponsalis,cephalopods,0,mesopelagic;bathypelagic;neritic;benthic,TRUE,FALSE,FALSE,TRUE,TRUE,wildlife_strike
bathypolypus valdiviae,cephalopods,0,epipelagic;mesopelagic;bathypelagic;neritic;benthic,TRUE,FALSE,FALSE,TRUE,TRUE,wildlife_strike
bathypurpurata profunda,cephalopods,0,mesopelagic;neritic;benthic,TRUE,FALSE,FALSE,TRUE,TRUE,wildlife_strike
bathyraja,elasmobranchs,0,epipelagic;mesopelagic;bathypelagic;abyssopelagic;benthic;demersal,TRUE,FALSE,FALSE,TRUE,TRUE,wildlife_strike
bathyuroconger vicinus,fish,0,epipelagic;mesopelagic;bathypelagic;benthic,TRUE,FALSE,FALSE,TRUE,TRUE,wildlife_strike
bentheledone rotunda,cephalopods,0,bathypelagic;abyssopelagic;neritic;benthic,TRUE,FALSE,FALSE,TRUE,TRUE,wildlife_strike
beringraja,elasmobranchs,0,epipelagic;mesopelagic;bathypelagic;abyssopelagic;demersal,TRUE,FALSE,FALSE,TRUE,TRUE,wildlife_strike
bhanotia nuda,fish,0,epipelagic;intertidal,FALSE,TRUE,FALSE,TRUE,TRUE,wildlife_strike
bothus mancus,fish,0,epipelagic;demersal,TRUE,FALSE,FALSE,TRUE,TRUE,wildlife_strike
brachaeluridae,elasmobranchs,0,epipelagic;mesopelagic;benthic,TRUE,FALSE,FALSE,TRUE,TRUE,wildlife_strike
brachirus harmandi,fish,0,epipelagic;demersal,TRUE,FALSE,FALSE,TRUE,TRUE,wildlife_strike
brachirus sorsogonensis,fish,0,epipelagic;demersal,TRUE,FALSE,FALSE,TRUE,TRUE,wildlife_strike
brachypleura novaezeelandiae,fish,0,epipelagic;demersal,TRUE,FALSE,FALSE,TRUE,TRUE,wildlife_strike
brachysomophis longipinnis,fish,0,epipelagic;neritic;demersal,TRUE,FALSE,FALSE,TRUE,TRUE,wildlife_strike
breviraja,elasmobranchs,0,epipelagic;mesopelagic;bathypelagic;abyssopelagic;demersal,TRUE,FALSE,FALSE,TRUE,TRUE,wildlife_strike
brevitrygon,elasmobranchs,0,epipelagic;benthic,TRUE,FALSE,FALSE,TRUE,TRUE,wildlife_strike
breviturma brevipes,echinoderms,0,epipelagic;benthic,TRUE,FALSE,FALSE,TRUE,TRUE,wildlife_strike
breviturma dentata,echinoderms,0,epipelagic;benthic,TRUE,FALSE,FALSE,TRUE,TRUE,wildlife_strike
breviturma doederleini,echinoderms,0,epipelagic;benthic,TRUE,FALSE,FALSE,TRUE,TRUE,wildlife_strike
breviturma longispina,echinoderms,0,epipelagic;benthic,TRUE,FALSE,FALSE,TRUE,TRUE,wildlife_strike
breviturma pica,echinoderms,0,epipelagic;benthic,TRUE,FALSE,FALSE,TRUE,TRUE,wildlife_strike
breviturma pusilla,echinoderms,0,epipelagic;benthic,TRUE,FALSE,FALSE,TRUE,TRUE,wildlife_strike
brisaster latifrons,echinoderms,0,epipelagic;benthic,TRUE,FALSE,FALSE,TRUE,TRUE,wildlife_strike
bythograea thermydron,crustacea_arthropods,0,epipelagic;mesopelagic;demersal,TRUE,FALSE,TRUE,TRUE,TRUE,wildlife_strike
cadlina luteomarginata,molluscs,0,epipelagic;intertidal,FALSE,TRUE,TRUE,TRUE,TRUE,wildlife_strike
calamopteryx jeb,fish,0,epipelagic;benthic,TRUE,FALSE,FALSE,TRUE,TRUE,wildlife_strike
callechelys bitaeniata,fish,0,epipelagic;neritic;demersal,TRUE,FALSE,FALSE,TRUE,TRUE,wildlife_strike
calliostoma ligatum,molluscs,0,epipelagic;intertidal,FALSE,TRUE,TRUE,TRUE,TRUE,wildlife_strike
callistoctopus,cephalopods,0,epipelagic;neritic;benthic,TRUE,FALSE,FALSE,TRUE,TRUE,wildlife_strike
callistoctopus alpheus,cephalopods,0,epipelagic;neritic;benthic,TRUE,FALSE,FALSE,TRUE,TRUE,wildlife_strike
callistoctopus aspilosomatis,cephalopods,0,epipelagic;neritic;benthic,TRUE,FALSE,FALSE,TRUE,TRUE,wildlife_strike
callistoctopus dierythraeus,cephalopods,0,epipelagic;neritic;benthic,TRUE,FALSE,FALSE,TRUE,TRUE,wildlife_strike
callistoctopus graptus,cephalopods,0,epipelagic;neritic;benthic,TRUE,FALSE,FALSE,TRUE,TRUE,wildlife_strike
callistoctopus lechenaultii,cephalopods,0,epipelagic;neritic;benthic,TRUE,FALSE,FALSE,TRUE,TRUE,wildlife_strike
callistoctopus luteus,cephalopods,0,epipelagic;neritic;benthic,TRUE,FALSE,FALSE,TRUE,TRUE,wildlife_strike
callistoctopus macropus,cephalopods,0,epipelagic;neritic;benthic,TRUE,FALSE,FALSE,TRUE,TRUE,wildlife_strike
callistoctopus nocturnus,cephalopods,0,epipelagic;neritic;benthic,TRUE,FALSE,FALSE,TRUE,TRUE,wildlife_strike
callistoctopus ornatus,cephalopods,0,epipelagic;neritic;benthic,TRUE,FALSE,FALSE,TRUE,TRUE,wildlife_strike
callistoctopus rapanui,cephalopods,0,epipelagic;neritic;benthic,TRUE,FALSE,FALSE,TRUE,TRUE,wildlife_strike
carapus bermudensis,fish,0,epipelagic;mesopelagic;demersal;benthic,TRUE,FALSE,FALSE,TRUE,TRUE,wildlife_strike
careproctus herwigi,fish,0,epipelagic;demersal,TRUE,FALSE,FALSE,TRUE,TRUE,wildlife_strike
careproctus mederi,fish,0,epipelagic;demersal,TRUE,FALSE,FALSE,TRUE,TRUE,wildlife_strike
careproctus minimus,fish,0,epipelagic;demersal,TRUE,FALSE,FALSE,TRUE,TRUE,wildlife_strike
careproctus pallidus,fish,0,epipelagic;demersal,TRUE,FALSE,FALSE,TRUE,TRUE,wildlife_strike
centrophoridae,elasmobranchs,0,epipelagic;mesopelagic;bathypelagic;abyssopelagic;demersal,TRUE,FALSE,FALSE,TRUE,TRUE,wildlife_strike
centropogon latifrons,fish,0,epipelagic;demersal,TRUE,FALSE,FALSE,TRUE,TRUE,wildlife_strike
centrostephanus rodgersii,echinoderms,0,epipelagic;benthic,TRUE,FALSE,FALSE,TRUE,TRUE,wildlife_strike
cephaloscyllium,elasmobranchs,0,epipelagic;mesopelagic;demersal,TRUE,FALSE,FALSE,TRUE,TRUE,wildlife_strike
cephalurus cephalus,elasmobranchs,0,epipelagic;mesopelagic;bathypelagic;demersal,TRUE,FALSE,FALSE,TRUE,TRUE,wildlife_strike
cerastoderma edule,molluscs,0,epipelagic;benthic,TRUE,FALSE,TRUE,TRUE,TRUE,wildlife_strike
cetoscarus bicolor,fish,0,epipelagic;demersal;benthic,TRUE,FALSE,FALSE,TRUE,TRUE,wildlife_strike
chaetodon auriga,fish,0,epipelagic;demersal;benthic,TRUE,FALSE,FALSE,TRUE,TRUE,wildlife_strike
chaetodon triangulum,fish,0,epipelagic;demersal;benthic,TRUE,FALSE,FALSE,TRUE,TRUE,wildlife_strike
chaetodon trifascialis,fish,0,epipelagic;demersal;benthic,TRUE,FALSE,FALSE,TRUE,TRUE,wildlife_strike
champsocephalus gunnari,fish,0,epipelagic;mesopelagic;benthic,TRUE,FALSE,FALSE,TRUE,TRUE,wildlife_strike
cheilodipterus singapurensis,fish,0,epipelagic;demersal,TRUE,FALSE,FALSE,TRUE,TRUE,wildlife_strike
chelidonichthys kumu,fish,0,epipelagic;demersal,TRUE,FALSE,FALSE,TRUE,TRUE,wildlife_strike
chlopsis kazuko,fish,0,epipelagic;neritic;demersal,TRUE,FALSE,FALSE,TRUE,TRUE,wildlife_strike
cirripectes alleni,fish,0,epipelagic;intertidal;benthic,TRUE,TRUE,FALSE,TRUE,TRUE,wildlife_strike
cirripectes filamentosus,fish,0,epipelagic;intertidal;benthic,TRUE,TRUE,FALSE,TRUE,TRUE,wildlife_strike
cistopus,cephalopods,0,epipelagic;neritic;benthic,TRUE,FALSE,FALSE,TRUE,TRUE,wildlife_strike
cistopus chinensis,cephalopods,0,epipelagic;neritic;benthic,TRUE,FALSE,FALSE,TRUE,TRUE,wildlife_strike
cistopus indicus,cephalopods,0,epipelagic;neritic;benthic,TRUE,FALSE,FALSE,TRUE,TRUE,wildlife_strike
cistopus platinoidus,cephalopods,0,epipelagic;neritic;benthic,TRUE,FALSE,FALSE,TRUE,TRUE,wildlife_strike
cistopus taiwanicus,cephalopods,0,epipelagic;neritic;benthic,TRUE,FALSE,FALSE,TRUE,TRUE,wildlife_strike
citharichthys gymnorhinus,fish,0,epipelagic;demersal,TRUE,FALSE,FALSE,TRUE,TRUE,wildlife_strike
citharichthys mariajorisae,fish,0,epipelagic;demersal,TRUE,FALSE,FALSE,TRUE,TRUE,wildlife_strike
cocotropus roseus,fish,0,epipelagic;demersal,TRUE,FALSE,FALSE,TRUE,TRUE,wildlife_strike
conger verreauxi,fish,0,epipelagic;mesopelagic;neritic;benthic,TRUE,FALSE,FALSE,TRUE,TRUE,wildlife_strike
crassostrea virginica,molluscs,0,epipelagic;air;intertidal;benthic,FALSE,TRUE,TRUE,TRUE,TRUE,wildlife_strike
crocodylus acutus,reptiles,0,epipelagic;air;intertidal,FALSE,TRUE,FALSE,TRUE,TRUE,wildlife_strike
crocodylus porosus,reptiles,0,epipelagic;air;intertidal,FALSE,TRUE,FALSE,TRUE,TRUE,wildlife_strike
crossosalarias macrospilus,fish,0,epipelagic;intertidal;benthic,TRUE,TRUE,FALSE,TRUE,TRUE,wildlife_strike
cruriraja,elasmobranchs,0,epipelagic;mesopelagic;bathypelagic;benthic;demersal,TRUE,FALSE,FALSE,TRUE,TRUE,wildlife_strike
cryptasterina hystera,echinoderms,0,epipelagic;benthic,TRUE,FALSE,FALSE,TRUE,TRUE,wildlife_strike
cryptasterina pacifica,echinoderms,0,epipelagic;benthic,TRUE,FALSE,FALSE,TRUE,TRUE,wildlife_strike
cryptasterina pentagona,echinoderms,0,epipelagic;benthic,TRUE,FALSE,FALSE,TRUE,TRUE,wildlife_strike
ctenacis,elasmobranchs,0,epipelagic;mesopelagic;bathypelagic;demersal,TRUE,FALSE,FALSE,TRUE,TRUE,wildlife_strike
cucumaria frondosa,echinoderms,0,epipelagic;mesopelagic;benthic,TRUE,FALSE,FALSE,TRUE,TRUE,wildlife_strike
cucumaria miniata,echinoderms,0,epipelagic;benthic,TRUE,FALSE,FALSE,TRUE,TRUE,wildlife_strike
cucumaria piperata,echinoderms,0,epipelagic;benthic,TRUE,FALSE,FALSE,TRUE,TRUE,wildlife_strike
cucumaria pseudocurata,echinoderms,0,epipelagic;benthic,TRUE,FALSE,FALSE,TRUE,TRUE,wildlife_strike
cynoglossus maccullochi,fish,0,epipelagic;demersal,TRUE,FALSE,FALSE,TRUE,TRUE,wildlife_strike
dactylobatus,elasmobranchs,0,epipelagic;mesopelagic;bathypelagic;abyssopelagic;demersal,TRUE,FALSE,FALSE,TRUE,TRUE,wildlife_strike
dasyatis,elasmobranchs,0,epipelagic;mesopelagic;bathypelagic;demersal,TRUE,FALSE,FALSE,TRUE,TRUE,wildlife_strike
demospongiae,sponges,0,epipelagic;benthic,TRUE,FALSE,FALSE,TRUE,TRUE,wildlife_strike
dendraster excentricus,echinoderms,0,epipelagic;benthic,TRUE,FALSE,FALSE,TRUE,TRUE,wildlife_strike
dentiraja,elasmobranchs,0,epipelagic;mesopelagic;bathypelagic;abyssopelagic;demersal,TRUE,FALSE,FALSE,TRUE,TRUE,wildlife_strike
derichthys serpentinus,fish,0,epipelagic;mesopelagic;bathypelagic;demersal,TRUE,FALSE,FALSE,TRUE,TRUE,wildlife_strike
dermatopsoides talboti,fish,0,epipelagic;benthic,TRUE,FALSE,FALSE,TRUE,TRUE,wildlife_strike
diadema antillarum,echinoderms,0,epipelagic;benthic,TRUE,FALSE,FALSE,TRUE,TRUE,wildlife_strike
diadema savignyi,echinoderms,0,epipelagic;benthic,TRUE,FALSE,FALSE,TRUE,TRUE,wildlife_strike
diadema setosum,echinoderms,0,epipelagic;benthic,TRUE,FALSE,FALSE,TRUE,TRUE,wildlife_strike
diancistrus novaeguineae,fish,0,epipelagic;benthic,TRUE,FALSE,FALSE,TRUE,TRUE,wildlife_strike
dicologlossa cuneata,fish,0,epipelagic;demersal,TRUE,FALSE,FALSE,TRUE,TRUE,wildlife_strike
diploastrea heliopora,corals,0,epipelagic;benthic;neritic,TRUE,FALSE,FALSE,TRUE,TRUE,wildlife_strike
dipturus,elasmobranchs,0,epipelagic;mesopelagic;bathypelagic;demersal,TRUE,FALSE,FALSE,TRUE,TRUE,wildlife_strike
dissostichus eleginoides,fish,0,epipelagic;mesopelagic;bathypelagic;abyssopelagic;benthic,TRUE,FALSE,FALSE,TRUE,TRUE,wildlife_strike
doryteuthis,cephalopods,0,epipelagic;mesopelagic;neritic;demersal,TRUE,FALSE,FALSE,TRUE,TRUE,wildlife_strike
ebinania brephocephala,fish,0,epipelagic;demersal,TRUE,FALSE,FALSE,TRUE,TRUE,wildlife_strike
echinocardium cordatum,echinoderms,0,epipelagic;benthic,TRUE,FALSE,FALSE,TRUE,TRUE,wildlife_strike
echinorhinus brucus,elasmobranchs,0,epipelagic;mesopelagic;bathypelagic;demersal,TRUE,FALSE,FALSE,TRUE,TRUE,wildlife_strike
echinorhinus cookei,elasmobranchs,0,epipelagic;mesopelagic;bathypelagic;demersal,TRUE,FALSE,FALSE,TRUE,TRUE,wildlife_strike
ecsenius trilineatus,fish,0,epipelagic;intertidal;benthic,TRUE,TRUE,FALSE,TRUE,TRUE,wildlife_strike
eledone,cephalopods,0,epipelagic;mesopelagic;neritic;benthic,TRUE,FALSE,FALSE,TRUE,TRUE,wildlife_strike
encheliophis gracilis,fish,0,epipelagic;demersal;benthic,TRUE,FALSE,FALSE,TRUE,TRUE,wildlife_strike
enchelycore schismatorhynchus,fish,0,epipelagic;neritic;demersal,TRUE,FALSE,FALSE,TRUE,TRUE,wildlife_strike
enteroctopus dofleini,cephalopods,0,epipelagic;mesopelagic;bathypelagic;neritic;benthic,TRUE,FALSE,FALSE,TRUE,TRUE,wildlife_strike
enteroctopus magnificus,cephalopods,0,epipelagic;mesopelagic;neritic;benthic,TRUE,FALSE,FALSE,TRUE,TRUE,wildlife_strike
enteroctopus megalocyathus,cephalopods,0,epipelagic;mesopelagic;neritic;benthic,TRUE,FALSE,FALSE,TRUE,TRUE,wildlife_strike
entomacrodus macrospilus,fish,0,epipelagic;intertidal;benthic,TRUE,TRUE,FALSE,TRUE,TRUE,wildlife_strike
entomacrodus stellifer,fish,0,epipelagic;intertidal;benthic,TRUE,TRUE,FALSE,TRUE,TRUE,wildlife_strike
ephalophis,reptiles,0,epipelagic;air;intertidal;benthic,FALSE,TRUE,FALSE,TRUE,TRUE,wildlife_strike
epinephelus itajara,fish,0,epipelagic;demersal;benthic,TRUE,FALSE,FALSE,TRUE,TRUE,wildlife_strike
eridacnis,elasmobranchs,0,epipelagic;mesopelagic;bathypelagic;demersal,TRUE,FALSE,FALSE,TRUE,TRUE,wildlife_strike
ethadophis akkistikos,fish,0,epipelagic;neritic;demersal,TRUE,FALSE,FALSE,TRUE,TRUE,wildlife_strike
ethadophis merenda,fish,0,epipelagic;neritic;demersal,TRUE,FALSE,FALSE,TRUE,TRUE,wildlife_strike
etmopteridae,elasmobranchs,0,epipelagic;mesopelagic;bathypelagic;abyssopelagic;demersal,TRUE,FALSE,FALSE,TRUE,TRUE,wildlife_strike
etropus rimosus,fish,0,epipelagic;demersal,TRUE,FALSE,FALSE,TRUE,TRUE,wildlife_strike
euaxoctopus,cephalopods,0,epipelagic;neritic;benthic,TRUE,FALSE,FALSE,TRUE,TRUE,wildlife_strike
eupentacta quinquesemita,echinoderms,0,epipelagic;benthic,TRUE,FALSE,FALSE,TRUE,TRUE,wildlife_strike
euprymna,cephalopods,0,epipelagic;neritic;benthic,TRUE,FALSE,FALSE,TRUE,TRUE,wildlife_strike
evechinus chloroticus,echinoderms,0,epipelagic;benthic,TRUE,FALSE,FALSE,TRUE,TRUE,wildlife_strike
eviota sigillata,fish,0,epipelagic;benthic,TRUE,FALSE,FALSE,TRUE,TRUE,wildlife_strike
fenestraja,elasmobranchs,0,epipelagic;mesopelagic;bathypelagic;benthic;demersal,TRUE,FALSE,FALSE,TRUE,TRUE,wildlife_strike
fibramia amboinensis,fish,0,epipelagic;demersal,TRUE,FALSE,FALSE,TRUE,TRUE,wildlife_strike
figaro,elasmobranchs,0,epipelagic;mesopelagic;bathypelagic;demersal,TRUE,FALSE,FALSE,TRUE,TRUE,wildlife_strike
florometra serratissima,echinoderms,0,epipelagic;mesopelagic;benthic,TRUE,FALSE,FALSE,TRUE,TRUE,wildlife_strike
foa madagascariensis,fish,0,epipelagic;demersal,TRUE,FALSE,FALSE,TRUE,TRUE,wildlife_strike
fontitrygon,elasmobranchs,0,epipelagic;demersal,TRUE,FALSE,FALSE,TRUE,TRUE,wildlife_strike
forsterygion varium,fish,0,epipelagic;benthic,TRUE,FALSE,FALSE,TRUE,TRUE,wildlife_strike
galaxias brevipinnis,fish,0,epipelagic;benthic,TRUE,FALSE,FALSE,TRUE,TRUE,wildlife_strike
galeorhinus galeus,elasmobranchs,0,epipelagic;mesopelagic;demersal,TRUE,FALSE,FALSE,TRUE,TRUE,wildlife_strike
galeus,elasmobranchs,0,epipelagic;mesopelagic;bathypelagic;demersal,TRUE,FALSE,FALSE,TRUE,TRUE,wildlife_strike
ginglymostoma cirratum,elasmobranchs,0,epipelagic;benthic,TRUE,FALSE,FALSE,TRUE,TRUE,wildlife_strike
glaucostegidae,elasmobranchs,0,epipelagic;benthic,TRUE,FALSE,FALSE,TRUE,TRUE,wildlife_strike
gobiodon citrinus,fish,0,epipelagic;benthic,TRUE,FALSE,FALSE,TRUE,TRUE,wildlife_strike
gobiodon histrio,fish,0,epipelagic;benthic,TRUE,FALSE,FALSE,TRUE,TRUE,wildlife_strike
gorgasia maculata,fish,0,epipelagic;neritic;benthic,TRUE,FALSE,FALSE,TRUE,TRUE,wildlife_strike
gorgonocephalus eucnemis,echinoderms,0,epipelagic;mesopelagic;benthic,TRUE,FALSE,FALSE,TRUE,TRUE,wildlife_strike
graneledone antarctica,cephalopods,0,bathypelagic;abyssopelagic;neritic;benthic,TRUE,FALSE,FALSE,TRUE,TRUE,wildlife_strike
graneledone boreopacifica,cephalopods,0,bathypelagic;abyssopelagic;neritic;benthic,TRUE,FALSE,FALSE,TRUE,TRUE,wildlife_strike
graneledone challengeri,cephalopods,0,mesopelagic;bathypelagic;neritic;benthic,TRUE,FALSE,FALSE,TRUE,TRUE,wildlife_strike
graneledone gonzalezi,cephalopods,0,mesopelagic;neritic;benthic,TRUE,FALSE,FALSE,TRUE,TRUE,wildlife_strike
graneledone macrotyla,cephalopods,0,bathypelagic;abyssopelagic;neritic;benthic,TRUE,FALSE,FALSE,TRUE,TRUE,wildlife_strike
graneledone taniwha,cephalopods,0,mesopelagic;bathypelagic;neritic;benthic,TRUE,FALSE,FALSE,TRUE,TRUE,wildlife_strike
graneledone verrucosa,cephalopods,0,mesopelagic;bathypelagic;abyssopelagic;neritic;benthic,TRUE,FALSE,FALSE,TRUE,TRUE,wildlife_strike
graneledone yamana,cephalopods,0,epipelagic;mesopelagic;bathypelagic;neritic;benthic,TRUE,FALSE,FALSE,TRUE,TRUE,wildlife_strike
grimpella thaumastocheir,cephalopods,0,epipelagic;mesopelagic;neritic;benthic,TRUE,FALSE,FALSE,TRUE,TRUE,wildlife_strike
gurgesiella,elasmobranchs,0,epipelagic;mesopelagic;bathypelagic;benthic;demersal,TRUE,FALSE,FALSE,TRUE,TRUE,wildlife_strike
gymnapogon melanogaster,fish,0,epipelagic;demersal,TRUE,FALSE,FALSE,TRUE,TRUE,wildlife_strike
gymnothorax javanicus,fish,0,epipelagic;demersal;benthic,TRUE,FALSE,FALSE,TRUE,TRUE,wildlife_strike
gymnuridae,elasmobranchs,0,epipelagic;mesopelagic;demersal,TRUE,FALSE,FALSE,TRUE,TRUE,wildlife_strike
halaelurus,elasmobranchs,0,epipelagic;mesopelagic;demersal,TRUE,FALSE,FALSE,TRUE,TRUE,wildlife_strike
haliotis kamtschatkana,molluscs,0,epipelagic;intertidal,FALSE,TRUE,TRUE,TRUE,TRUE,wildlife_strike
haliotis rubra,molluscs,0,epipelagic;intertidal,FALSE,TRUE,TRUE,TRUE,TRUE,wildlife_strike
hapalochlaena,cephalopods,0,epipelagic;neritic;benthic,TRUE,FALSE,FALSE,TRUE,TRUE,wildlife_strike
hapalochlaena lunulata,cephalopods,0,epipelagic;neritic;benthic,TRUE,FALSE,FALSE,TRUE,TRUE,wildlife_strike
haploblepharus,elasmobranchs,0,epipelagic;mesopelagic;demersal,TRUE,FALSE,FALSE,TRUE,TRUE,wildlife_strike
heliocidaris crassispina,echinoderms,0,epipelagic;benthic;intertidal,TRUE,TRUE,FALSE,TRUE,TRUE,wildlife_strike
heliocidaris erythrogramma,echinoderms,0,epipelagic;benthic;intertidal,TRUE,TRUE,FALSE,TRUE,TRUE,wildlife_strike
heliocidaris tuberculata,echinoderms,0,epipelagic;benthic;intertidal,TRUE,TRUE,FALSE,TRUE,TRUE,wildlife_strike
hemigaleidae,elasmobranchs,0,epipelagic;demersal,TRUE,FALSE,FALSE,TRUE,TRUE,wildlife_strike
hemiscylliidae,elasmobranchs,0,epipelagic;benthic,TRUE,FALSE,FALSE,TRUE,TRUE,wildlife_strike
hemitrygon,elasmobranchs,0,epipelagic;benthic,TRUE,FALSE,FALSE,TRUE,TRUE,wildlife_strike
heteroconger klausewitzi,fish,0,epipelagic;neritic;benthic,TRUE,FALSE,FALSE,TRUE,TRUE,wildlife_strike
heteroconger taylori,fish,0,epipelagic;neritic;benthic,TRUE,FALSE,FALSE,TRUE,TRUE,wildlife_strike
heterodontidae,elasmobranchs,0,epipelagic;mesopelagic;bathypelagic;benthic,TRUE,FALSE,FALSE,TRUE,TRUE,wildlife_strike
heterololigo bleekeri,cephalopods,0,epipelagic;neritic;demersal,TRUE,FALSE,FALSE,TRUE,TRUE,wildlife_strike
hexanchiformes,elasmobranchs,0,epipelagic;mesopelagic;bathypelagic;abyssopelagic;demersal,TRUE,FALSE,FALSE,TRUE,TRUE,wildlife_strike
himantura,elasmobranchs,0,epipelagic;mesopelagic;benthic,TRUE,FALSE,FALSE,TRUE,TRUE,wildlife_strike
hippichthys spicifer,fish,0,epipelagic;intertidal,FALSE,TRUE,FALSE,TRUE,TRUE,wildlife_strike
hippocampus abdominalis,fish,0,epipelagic;benthic;neritic,TRUE,FALSE,FALSE,TRUE,TRUE,wildlife_strike
hippocampus ingens,fish,0,epipelagic;intertidal,FALSE,TRUE,FALSE,TRUE,TRUE,wildlife_strike
hippoglossina stomata,fish,0,epipelagic;demersal,TRUE,FALSE,FALSE,TRUE,TRUE,wildlife_strike
hippoglossus stenolepis,fish,0,epipelagic;mesopelagic;bathypelagic;benthic,TRUE,FALSE,FALSE,TRUE,TRUE,wildlife_strike
histoctopus,cephalopods,0,epipelagic;mesopelagic;neritic;benthic,TRUE,FALSE,FALSE,TRUE,TRUE,wildlife_strike
holohalaelurus,elasmobranchs,0,epipelagic;mesopelagic;bathypelagic;demersal,TRUE,FALSE,FALSE,TRUE,TRUE,wildlife_strike
holopneustes purpurascens,echinoderms,0,epipelagic;benthic,TRUE,FALSE,FALSE,TRUE,TRUE,wildlife_strike
holothuria (halodeima) atra,echinoderms,0,epipelagic;benthic,TRUE,FALSE,FALSE,TRUE,TRUE,wildlife_strike
holothuria (metriatyla) scabra,echinoderms,0,epipelagic;benthic,TRUE,FALSE,FALSE,TRUE,TRUE,wildlife_strike
holothuria (panningothuria) forskali,echinoderms,0,epipelagic;intertidal;benthic,TRUE,TRUE,FALSE,TRUE,TRUE,wildlife_strike
hongeo,elasmobranchs,0,epipelagic;mesopelagic;bathypelagic;abyssopelagic;demersal,TRUE,FALSE,FALSE,TRUE,TRUE,wildlife_strike
hoplostethus atlanticus,fish,0,epipelagic;mesopelagic;bathypelagic;benthic,TRUE,FALSE,FALSE,TRUE,TRUE,wildlife_strike
hoplunnis schmidti,fish,0,epipelagic;neritic;demersal,TRUE,FALSE,FALSE,TRUE,TRUE,wildlife_strike
hydrelaps,reptiles,0,epipelagic;air;intertidal;benthic,FALSE,TRUE,FALSE,TRUE,TRUE,wildlife_strike
hypanus,elasmobranchs,0,epipelagic;mesopelagic;benthic,TRUE,FALSE,FALSE,TRUE,TRUE,wildlife_strike
hypleurochilus bananensis,fish,0,epipelagic;intertidal;benthic,TRUE,TRUE,FALSE,TRUE,TRUE,wildlife_strike
hypnos monopterygius,elasmobranchs,0,epipelagic;mesopelagic;benthic,TRUE,FALSE,FALSE,TRUE,TRUE,wildlife_strike
hypsoblennius striatus,fish,0,epipelagic;intertidal;benthic,TRUE,TRUE,FALSE,TRUE,TRUE,wildlife_strike
idiosepius,cephalopods,0,epipelagic;neritic;demersal,TRUE,FALSE,FALSE,TRUE,TRUE,wildlife_strike
inimicus caledonicus,fish,0,epipelagic;demersal,TRUE,FALSE,FALSE,TRUE,TRUE,wildlife_strike
inioteuthis japonica,cephalopods,0,epipelagic;mesopelagic;neritic;benthic,TRUE,FALSE,FALSE,TRUE,TRUE,wildlife_strike
kaupichthys brachychirus,fish,0,epipelagic;neritic;demersal,TRUE,FALSE,FALSE,TRUE,TRUE,wildlife_strike
laeops guentheri,fish,0,epipelagic;demersal,TRUE,FALSE,FALSE,TRUE,TRUE,wildlife_strike
laeops kitaharae,fish,0,epipelagic;demersal,TRUE,FALSE,FALSE,TRUE,TRUE,wildlife_strike
lepidotrigla kishinouyi,fish,0,epipelagic;demersal,TRUE,FALSE,FALSE,TRUE,TRUE,wildlife_strike
lepidotrigla venusta,fish,0,epipelagic;demersal,TRUE,FALSE,FALSE,TRUE,TRUE,wildlife_strike
leptocharias smithii,elasmobranchs,0,epipelagic;demersal,TRUE,FALSE,FALSE,TRUE,TRUE,wildlife_strike
leptopentacta elongata,echinoderms,0,epipelagic;benthic,TRUE,FALSE,FALSE,TRUE,TRUE,wildlife_strike
leptosynapta clarki,echinoderms,0,epipelagic;benthic,TRUE,FALSE,FALSE,TRUE,TRUE,wildlife_strike
leucoraja,elasmobranchs,0,epipelagic;mesopelagic;bathypelagic;demersal,TRUE,FALSE,FALSE,TRUE,TRUE,wildlife_strike
loligo,cephalopods,0,epipelagic;mesopelagic;bathypelagic;neritic;demersal,TRUE,FALSE,FALSE,TRUE,TRUE,wildlife_strike
loliolus (loliolus) affinis,cephalopods,0,epipelagic;neritic;demersal,TRUE,FALSE,FALSE,TRUE,TRUE,wildlife_strike
loliolus (loliolus) hardwickei,cephalopods,0,epipelagic;neritic;demersal,TRUE,FALSE,FALSE,TRUE,TRUE,wildlife_strike
loliolus (nipponololigo) beka,cephalopods,0,epipelagic;neritic;demersal,TRUE,FALSE,FALSE,TRUE,TRUE,wildlife_strike
loliolus (nipponololigo) japonica,cephalopods,0,epipelagic;neritic;demersal,TRUE,FALSE,FALSE,TRUE,TRUE,wildlife_strike
loliolus (nipponololigo) sumatrensis,cephalopods,0,epipelagic;neritic;demersal,TRUE,FALSE,FALSE,TRUE,TRUE,wildlife_strike
loliolus (nipponololigo) uyii,cephalopods,0,epipelagic;neritic;demersal,TRUE,FALSE,FALSE,TRUE,TRUE,wildlife_strike
lolliguncula,cephalopods,0,epipelagic;neritic;demersal,TRUE,FALSE,FALSE,TRUE,TRUE,wildlife_strike
lottia scutum,molluscs,0,epipelagic;intertidal,FALSE,TRUE,TRUE,TRUE,TRUE,wildlife_strike
loxechinus albus,echinoderms,0,epipelagic;benthic,TRUE,FALSE,FALSE,TRUE,TRUE,wildlife_strike
lutjanus carponotatus,fish,0,epipelagic;demersal;benthic,TRUE,FALSE,FALSE,TRUE,TRUE,wildlife_strike
lutjanus sebae,fish,0,epipelagic;demersal;benthic,TRUE,FALSE,FALSE,TRUE,TRUE,wildlife_strike
macrotritopus,cephalopods,0,epipelagic;neritic;benthic,TRUE,FALSE,FALSE,TRUE,TRUE,wildlife_strike
maculabatis,elasmobranchs,0,epipelagic;mesopelagic;benthic,TRUE,FALSE,FALSE,TRUE,TRUE,wildlife_strike
magallana gigas,molluscs,0,epipelagic;air;intertidal,FALSE,TRUE,TRUE,TRUE,TRUE,wildlife_strike
magallana hongkongensis,molluscs,0,epipelagic;air;intertidal,FALSE,TRUE,TRUE,TRUE,TRUE,wildlife_strike
malacoraja,elasmobranchs,0,epipelagic;mesopelagic;bathypelagic;abyssopelagic;demersal,TRUE,FALSE,FALSE,TRUE,TRUE,wildlife_strike
megaleledone setebos,cephalopods,0,epipelagic;mesopelagic;bathypelagic;neritic;benthic,TRUE,FALSE,FALSE,TRUE,TRUE,wildlife_strike
mercenaria mercenaria,molluscs,0,epipelagic;benthic,TRUE,FALSE,TRUE,TRUE,TRUE,wildlife_strike
meridiastra atyphoida,echinoderms,0,epipelagic;benthic,TRUE,FALSE,FALSE,TRUE,TRUE,wildlife_strike
meridiastra calcar,echinoderms,0,epipelagic;benthic,TRUE,FALSE,FALSE,TRUE,TRUE,wildlife_strike
meridiastra gunnii,echinoderms,0,epipelagic;benthic,TRUE,FALSE,FALSE,TRUE,TRUE,wildlife_strike
meridiastra mortenseni,echinoderms,0,epipelagic;benthic,TRUE,FALSE,FALSE,TRUE,TRUE,wildlife_strike
meridiastra occidens,echinoderms,0,epipelagic;benthic,TRUE,FALSE,FALSE,TRUE,TRUE,wildlife_strike
meridiastra oriens,echinoderms,0,epipelagic;benthic,TRUE,FALSE,FALSE,TRUE,TRUE,wildlife_strike
mesocentrotus franciscanus,echinoderms,0,epipelagic;benthic,TRUE,FALSE,FALSE,TRUE,TRUE,wildlife_strike
metasepia,cephalopods,0,epipelagic;neritic;demersal,TRUE,FALSE,FALSE,TRUE,TRUE,wildlife_strike
meuschenia scaber,fish,0,epipelagic;demersal;benthic,TRUE,FALSE,FALSE,TRUE,TRUE,wildlife_strike
microeledone mangoldi,cephalopods,0,mesopelagic;bathypelagic;neritic;benthic,TRUE,FALSE,FALSE,TRUE,TRUE,wildlife_strike
mictyris platycheles,crustacea_arthropods,0,epipelagic;intertidal,FALSE,TRUE,TRUE,TRUE,TRUE,wildlife_strike
mimachlamys asperrima,molluscs,0,epipelagic;benthic,TRUE,FALSE,TRUE,TRUE,TRUE,wildlife_strike
minous dempsterae,fish,0,epipelagic;demersal,TRUE,FALSE,FALSE,TRUE,TRUE,wildlife_strike
minous quincarinatus,fish,0,epipelagic;demersal,TRUE,FALSE,FALSE,TRUE,TRUE,wildlife_strike
molpadia intermedia,echinoderms,0,epipelagic;abyssopelagic;benthic,TRUE,FALSE,FALSE,TRUE,TRUE,wildlife_strike
monopenchelys acuta,fish,0,epipelagic;neritic;demersal,TRUE,FALSE,FALSE,TRUE,TRUE,wildlife_strike
moringua edwardsi,fish,0,epipelagic;neritic;demersal,TRUE,FALSE,FALSE,TRUE,TRUE,wildlife_strike
mulloidichthys dentatus,fish,0,epipelagic;demersal,TRUE,FALSE,FALSE,TRUE,TRUE,wildlife_strike
muusoctopus abruptus,cephalopods,0,bathypelagic;neritic;benthic,TRUE,FALSE,FALSE,TRUE,TRUE,wildlife_strike
muusoctopus berryi,cephalopods,0,bathypelagic;abyssopelagic;neritic;benthic,TRUE,FALSE,FALSE,TRUE,TRUE,wildlife_strike
muusoctopus bizikovi,cephalopods,0,mesopelagic;bathypelagic;neritic;benthic,TRUE,FALSE,FALSE,TRUE,TRUE,wildlife_strike
muusoctopus canthylus,cephalopods,0,bathypelagic;abyssopelagic;neritic;benthic,TRUE,FALSE,FALSE,TRUE,TRUE,wildlife_strike
muusoctopus clyderoperi,cephalopods,0,mesopelagic;bathypelagic;neritic;benthic,TRUE,FALSE,FALSE,TRUE,TRUE,wildlife_strike
muusoctopus eureka,cephalopods,0,epipelagic;mesopelagic;neritic;benthic,TRUE,FALSE,FALSE,TRUE,TRUE,wildlife_strike
muusoctopus hokkaidensis,cephalopods,0,epipelagic;mesopelagic;bathypelagic;neritic;benthic,TRUE,FALSE,FALSE,TRUE,TRUE,wildlife_strike
muusoctopus januarii,cephalopods,0,mesopelagic;bathypelagic;neritic;benthic,TRUE,FALSE,FALSE,TRUE,TRUE,wildlife_strike
muusoctopus johnsonianus,cephalopods,0,bathypelagic;abyssopelagic;neritic;benthic,TRUE,FALSE,FALSE,TRUE,TRUE,wildlife_strike
muusoctopus karubar,cephalopods,0,mesopelagic;bathypelagic;neritic;benthic,TRUE,FALSE,FALSE,TRUE,TRUE,wildlife_strike
muusoctopus leioderma,cephalopods,0,epipelagic;mesopelagic;neritic;benthic,TRUE,FALSE,FALSE,TRUE,TRUE,wildlife_strike
muusoctopus levis,cephalopods,0,epipelagic;neritic;benthic,TRUE,FALSE,FALSE,TRUE,TRUE,wildlife_strike
muusoctopus longibrachus,cephalopods,0,epipelagic;mesopelagic;bathypelagic;neritic;benthic,TRUE,FALSE,FALSE,TRUE,TRUE,wildlife_strike
muusoctopus oregonae,cephalopods,0,mesopelagic;bathypelagic;neritic;benthic,TRUE,FALSE,FALSE,TRUE,TRUE,wildlife_strike
muusoctopus oregonensis,cephalopods,0,bathypelagic;neritic;benthic,TRUE,FALSE,FALSE,TRUE,TRUE,wildlife_strike
muusoctopus profundorum,cephalopods,0,epipelagic;mesopelagic;bathypelagic;abyssopelagic;neritic;benthic,TRUE,FALSE,FALSE,TRUE,TRUE,wildlife_strike
muusoctopus pseudonymus,cephalopods,0,bathypelagic;neritic;benthic,TRUE,FALSE,FALSE,TRUE,TRUE,wildlife_strike
muusoctopus rigbyae,cephalopods,0,mesopelagic;neritic;benthic,TRUE,FALSE,FALSE,TRUE,TRUE,wildlife_strike
muusoctopus robustus,cephalopods,0,mesopelagic;bathypelagic;abyssopelagic;neritic;benthic,TRUE,FALSE,FALSE,TRUE,TRUE,wildlife_strike
muusoctopus sibiricus,cephalopods,0,epipelagic;mesopelagic;neritic;benthic,TRUE,FALSE,FALSE,TRUE,TRUE,wildlife_strike
muusoctopus tangaroa,cephalopods,0,mesopelagic;bathypelagic;neritic;benthic,TRUE,FALSE,FALSE,TRUE,TRUE,wildlife_strike
muusoctopus tegginmathae,cephalopods,0,mesopelagic;bathypelagic;neritic;benthic,TRUE,FALSE,FALSE,TRUE,TRUE,wildlife_strike
muusoctopus thielei,cephalopods,0,epipelagic;mesopelagic;neritic;benthic,TRUE,FALSE,FALSE,TRUE,TRUE,wildlife_strike
muusoctopus yaquinae,cephalopods,0,bathypelagic;abyssopelagic;neritic;benthic,TRUE,FALSE,FALSE,TRUE,TRUE,wildlife_strike
mytilus californianus,molluscs,0,epipelagic;air;intertidal;benthic,FALSE,TRUE,TRUE,TRUE,TRUE,wildlife_strike
mytilus edulis,molluscs,0,epipelagic;air;intertidal;benthic,FALSE,TRUE,TRUE,TRUE,TRUE,wildlife_strike
mytilus galloprovincialis,molluscs,0,epipelagic;air;intertidal;benthic,FALSE,TRUE,TRUE,TRUE,TRUE,wildlife_strike
mytilus trossulus,molluscs,0,epipelagic;air;intertidal;benthic,FALSE,TRUE,TRUE,TRUE,TRUE,wildlife_strike
narcinidae,elasmobranchs,0,epipelagic;mesopelagic;bathypelagic;benthic,TRUE,FALSE,FALSE,TRUE,TRUE,wildlife_strike
narkidae,elasmobranchs,0,epipelagic;mesopelagic;bathypelagic;benthic,TRUE,FALSE,FALSE,TRUE,TRUE,wildlife_strike
naso vlamingii,fish,0,epipelagic;demersal;benthic,TRUE,FALSE,FALSE,TRUE,TRUE,wildlife_strike
nautilus belauensis,cephalopods,0,epipelagic;mesopelagic;neritic;demersal,TRUE,FALSE,FALSE,TRUE,TRUE,wildlife_strike
nautilus macromphalus,cephalopods,0,epipelagic;mesopelagic;neritic;demersal,TRUE,FALSE,FALSE,TRUE,TRUE,wildlife_strike
nautilus pompilius,cephalopods,0,epipelagic;mesopelagic;neritic;demersal,TRUE,FALSE,FALSE,TRUE,TRUE,wildlife_strike
nautilus repertus,cephalopods,0,epipelagic;mesopelagic;neritic;demersal,TRUE,FALSE,FALSE,TRUE,TRUE,wildlife_strike
nautilus suluensis,cephalopods,0,epipelagic;mesopelagic;neritic;demersal,TRUE,FALSE,FALSE,TRUE,TRUE,wildlife_strike
nebrius ferrugineus,elasmobranchs,0,epipelagic;benthic,TRUE,FALSE,FALSE,TRUE,TRUE,wildlife_strike
nectamia annularis,fish,0,epipelagic;demersal,TRUE,FALSE,FALSE,TRUE,TRUE,wildlife_strike
nectamia fusca,fish,0,epipelagic;demersal,TRUE,FALSE,FALSE,TRUE,TRUE,wildlife_strike
nectamia zebrina,fish,0,epipelagic;demersal,TRUE,FALSE,FALSE,TRUE,TRUE,wildlife_strike
neomerinthe erostris,fish,0,epipelagic;demersal,TRUE,FALSE,FALSE,TRUE,TRUE,wildlife_strike
neomerinthe hemingwayi,fish,0,epipelagic;demersal,TRUE,FALSE,FALSE,TRUE,TRUE,wildlife_strike
neoraja,elasmobranchs,0,epipelagic;mesopelagic;bathypelagic;abyssopelagic;demersal,TRUE,FALSE,FALSE,TRUE,TRUE,wildlife_strike
neorossia,cephalopods,0,epipelagic;mesopelagic;bathypelagic;neritic;demersal,TRUE,FALSE,FALSE,TRUE,TRUE,wildlife_strike
neotrygon,elasmobranchs,0,epipelagic;benthic,TRUE,FALSE,FALSE,TRUE,TRUE,wildlife_strike
notolabrus celidotus,fish,0,epipelagic;demersal;benthic,TRUE,FALSE,FALSE,TRUE,TRUE,wildlife_strike
notoraja,elasmobranchs,0,epipelagic;mesopelagic;bathypelagic;benthic,TRUE,FALSE,FALSE,TRUE,TRUE,wildlife_strike
nymphon australe,crustacea_arthropods,0,epipelagic;mesopelagic;bathypelagic;benthic,TRUE,FALSE,TRUE,TRUE,TRUE,wildlife_strike
ocosia possi,fish,0,epipelagic;demersal,TRUE,FALSE,FALSE,TRUE,TRUE,wildlife_strike
octopus,cephalopods,0,epipelagic;neritic;benthic,TRUE,FALSE,FALSE,TRUE,TRUE,wildlife_strike
octopus bimaculatus,cephalopods,0,epipelagic;neritic;benthic,TRUE,FALSE,FALSE,TRUE,TRUE,wildlife_strike
octopus bimaculoides,cephalopods,0,epipelagic;mesopelagic;neritic;benthic,TRUE,FALSE,FALSE,TRUE,TRUE,wildlife_strike
octopus hubbsorum,cephalopods,0,epipelagic;neritic;benthic,TRUE,FALSE,FALSE,TRUE,TRUE,wildlife_strike
octopus hummelincki,cephalopods,0,epipelagic;mesopelagic;neritic;benthic,TRUE,FALSE,FALSE,TRUE,TRUE,wildlife_strike
octopus insularis,cephalopods,0,epipelagic;neritic;benthic,TRUE,FALSE,FALSE,TRUE,TRUE,wildlife_strike
octopus maya,cephalopods,0,epipelagic;mesopelagic;neritic;benthic,TRUE,FALSE,FALSE,TRUE,TRUE,wildlife_strike
octopus mimus,cephalopods,0,epipelagic;neritic;benthic,TRUE,FALSE,FALSE,TRUE,TRUE,wildlife_strike
octopus oculifer,cephalopods,0,epipelagic;mesopelagic;neritic;benthic,TRUE,FALSE,FALSE,TRUE,TRUE,wildlife_strike
octopus tetricus,cephalopods,0,epipelagic;neritic;benthic,TRUE,FALSE,FALSE,TRUE,TRUE,wildlife_strike
octopus vulgaris,cephalopods,0,epipelagic;neritic;benthic,TRUE,FALSE,FALSE,TRUE,TRUE,wildlife_strike
odontaster validus,echinoderms,0,epipelagic;benthic,TRUE,FALSE,FALSE,TRUE,TRUE,wildlife_strike
okamejei,elasmobranchs,0,epipelagic;mesopelagic;bathypelagic;abyssopelagic;demersal,TRUE,FALSE,FALSE,TRUE,TRUE,wildlife_strike
omobranchus anolius,fish,0,epipelagic;intertidal;benthic,TRUE,TRUE,FALSE,TRUE,TRUE,wildlife_strike
omobranchus fasciolatus,fish,0,epipelagic;intertidal;benthic,TRUE,TRUE,FALSE,TRUE,TRUE,wildlife_strike
omobranchus rotundiceps,fish,0,epipelagic;intertidal;benthic,TRUE,TRUE,FALSE,TRUE,TRUE,wildlife_strike
ophichthus altipennis,fish,0,epipelagic;neritic;demersal,TRUE,FALSE,FALSE,TRUE,TRUE,wildlife_strike
ophidion fulvum,fish,0,epipelagic;demersal,TRUE,FALSE,FALSE,TRUE,TRUE,wildlife_strike
ophiocoma aethiops,echinoderms,0,epipelagic;benthic,TRUE,FALSE,FALSE,TRUE,TRUE,wildlife_strike
ophiocoma echinata,echinoderms,0,epipelagic;benthic,TRUE,FALSE,FALSE,TRUE,TRUE,wildlife_strike
ophiocoma erinaceus,echinoderms,0,epipelagic;benthic,TRUE,FALSE,FALSE,TRUE,TRUE,wildlife_strike
ophiocoma scolopendrina,echinoderms,0,epipelagic;benthic,TRUE,FALSE,FALSE,TRUE,TRUE,wildlife_strike
ophiocomella alexandri,echinoderms,0,epipelagic;benthic,TRUE,FALSE,FALSE,TRUE,TRUE,wildlife_strike
ophiocomella ophiactoides,echinoderms,0,epipelagic;benthic,TRUE,FALSE,FALSE,TRUE,TRUE,wildlife_strike
ophiocomella pumila,echinoderms,0,epipelagic;benthic,TRUE,FALSE,FALSE,TRUE,TRUE,wildlife_strike
ophiomastix annulosa,echinoderms,0,epipelagic;benthic,TRUE,FALSE,FALSE,TRUE,TRUE,wildlife_strike
ophiomastix caryophyllata,echinoderms,0,epipelagic;benthic,TRUE,FALSE,FALSE,TRUE,TRUE,wildlife_strike
ophiomastix elegans,echinoderms,0,epipelagic;benthic,TRUE,FALSE,FALSE,TRUE,TRUE,wildlife_strike
ophiomastix endeani,echinoderms,0,epipelagic;benthic,TRUE,FALSE,FALSE,TRUE,TRUE,wildlife_strike
ophiomastix janualis,echinoderms,0,epipelagic;benthic,TRUE,FALSE,FALSE,TRUE,TRUE,wildlife_strike
ophiomastix macroplaca,echinoderms,0,epipelagic;benthic,TRUE,FALSE,FALSE,TRUE,TRUE,wildlife_strike
ophiomastix marshallensis,echinoderms,0,epipelagic;benthic,TRUE,FALSE,FALSE,TRUE,TRUE,wildlife_strike
ophiomastix mixta,echinoderms,0,epipelagic;benthic,TRUE,FALSE,FALSE,TRUE,TRUE,wildlife_strike
ophiomastix occidentalis,echinoderms,0,epipelagic;benthic,TRUE,FALSE,FALSE,TRUE,TRUE,wildlife_strike
ophiomastix pictum,echinoderms,0,epipelagic;benthic,TRUE,FALSE,FALSE,TRUE,TRUE,wildlife_strike
ophiomastix venosa,echinoderms,0,epipelagic;benthic,TRUE,FALSE,FALSE,TRUE,TRUE,wildlife_strike
ophiomastix wendtii,echinoderms,0,epipelagic;benthic,TRUE,FALSE,FALSE,TRUE,TRUE,wildlife_strike
ophiopholis aculeata,echinoderms,0,epipelagic;benthic,TRUE,FALSE,FALSE,TRUE,TRUE,wildlife_strike
ophiura sarsii,echinoderms,0,epipelagic;mesopelagic;intertidal;benthic,TRUE,TRUE,FALSE,TRUE,TRUE,wildlife_strike
orbiraja,elasmobranchs,0,epipelagic;mesopelagic;bathypelagic;abyssopelagic;demersal,TRUE,FALSE,FALSE,TRUE,TRUE,wildlife_strike
orectolobidae,elasmobranchs,0,epipelagic;mesopelagic;benthic,TRUE,FALSE,FALSE,TRUE,TRUE,wildlife_strike
ostorhinchus compressus,fish,0,epipelagic;demersal,TRUE,FALSE,FALSE,TRUE,TRUE,wildlife_strike
ostorhinchus doederleini,fish,0,epipelagic;benthic,TRUE,FALSE,FALSE,TRUE,TRUE,wildlife_strike
ostorhinchus fleurieu,fish,0,epipelagic;demersal,TRUE,FALSE,FALSE,TRUE,TRUE,wildlife_strike
ostorhinchus margaritophorus,fish,0,epipelagic;demersal,TRUE,FALSE,FALSE,TRUE,TRUE,wildlife_strike
ostorhinchus neotes,fish,0,epipelagic;demersal,TRUE,FALSE,FALSE,TRUE,TRUE,wildlife_strike
ostorhinchus notatus,fish,0,epipelagic;demersal,TRUE,FALSE,FALSE,TRUE,TRUE,wildlife_strike
ostorhinchus rubrimacula,fish,0,epipelagic;demersal,TRUE,FALSE,FALSE,TRUE,TRUE,wildlife_strike
ostorhinchus sealei,fish,0,epipelagic;demersal,TRUE,FALSE,FALSE,TRUE,TRUE,wildlife_strike
ostorhinchus semilineatus,fish,0,epipelagic;demersal,TRUE,FALSE,FALSE,TRUE,TRUE,wildlife_strike
ostorhinchus wassinki,fish,0,epipelagic;demersal,TRUE,FALSE,FALSE,TRUE,TRUE,wildlife_strike
ostrea angasi,molluscs,0,epipelagic;air;intertidal;benthic,FALSE,TRUE,TRUE,TRUE,TRUE,wildlife_strike
ostrea edulis,molluscs,0,epipelagic;air;intertidal;benthic,FALSE,TRUE,TRUE,TRUE,TRUE,wildlife_strike
ostrea lurida,molluscs,0,epipelagic;air;intertidal;benthic,FALSE,TRUE,TRUE,TRUE,TRUE,wildlife_strike
oxynotidae,elasmobranchs,0,epipelagic;mesopelagic;bathypelagic;demersal,TRUE,FALSE,FALSE,TRUE,TRUE,wildlife_strike
palaemon elegans,crustacea_arthropods,0,epipelagic;intertidal,FALSE,TRUE,TRUE,TRUE,TRUE,wildlife_strike
panopea generosa,molluscs,0,epipelagic;benthic,TRUE,FALSE,TRUE,TRUE,TRUE,wildlife_strike
parablennius parvicornis,fish,0,epipelagic;intertidal;benthic,TRUE,TRUE,FALSE,TRUE,TRUE,wildlife_strike
parablennius yatabei,fish,0,epipelagic;intertidal;benthic,TRUE,TRUE,FALSE,TRUE,TRUE,wildlife_strike
parablennius zvonimiri,fish,0,epipelagic;intertidal;benthic,TRUE,TRUE,FALSE,TRUE,TRUE,wildlife_strike
paracentropogon vespa,fish,0,epipelagic;demersal,TRUE,FALSE,FALSE,TRUE,TRUE,wildlife_strike
parahydrophis,reptiles,0,epipelagic;air;intertidal;benthic,FALSE,TRUE,FALSE,TRUE,TRUE,wildlife_strike
paralichthodes algoensis,fish,0,epipelagic;demersal,TRUE,FALSE,FALSE,TRUE,TRUE,wildlife_strike
paralichthys aestuarius,fish,0,epipelagic;demersal,TRUE,FALSE,FALSE,TRUE,TRUE,wildlife_strike
paralichthys dentatus,fish,0,epipelagic;demersal,TRUE,FALSE,FALSE,TRUE,TRUE,wildlife_strike
paralichthys fernandezianus,fish,0,epipelagic;demersal,TRUE,FALSE,FALSE,TRUE,TRUE,wildlife_strike
paraliparis atrolabiatus,fish,0,epipelagic;demersal,TRUE,FALSE,FALSE,TRUE,TRUE,wildlife_strike
paraliparis kreffti,fish,0,epipelagic;demersal,TRUE,FALSE,FALSE,TRUE,TRUE,wildlife_strike
paraliparis megalopus,fish,0,epipelagic;demersal,TRUE,FALSE,FALSE,TRUE,TRUE,wildlife_strike
paraliparis obliquosus,fish,0,epipelagic;demersal,TRUE,FALSE,FALSE,TRUE,TRUE,wildlife_strike
paraliparis operculosus,fish,0,epipelagic;demersal,TRUE,FALSE,FALSE,TRUE,TRUE,wildlife_strike
paraliparis orcadensis,fish,0,epipelagic;demersal,TRUE,FALSE,FALSE,TRUE,TRUE,wildlife_strike
paraliparis plagiostomus,fish,0,epipelagic;demersal,TRUE,FALSE,FALSE,TRUE,TRUE,wildlife_strike
paraliparis tompkinsae,fish,0,epipelagic;demersal,TRUE,FALSE,FALSE,TRUE,TRUE,wildlife_strike
paralithodes camtschaticus,crustacea_arthropods,0,epipelagic;intertidal,FALSE,TRUE,TRUE,TRUE,TRUE,wildlife_strike
parapercis colias,fish,0,epipelagic;benthic;neritic,TRUE,FALSE,FALSE,TRUE,TRUE,wildlife_strike
parascylliidae,elasmobranchs,0,epipelagic;mesopelagic;benthic,TRUE,FALSE,FALSE,TRUE,TRUE,wildlife_strike
pareledone aequipapillae,cephalopods,0,epipelagic;mesopelagic;neritic;benthic,TRUE,FALSE,FALSE,TRUE,TRUE,wildlife_strike
pareledone albimaculata,cephalopods,0,epipelagic;mesopelagic;neritic;benthic,TRUE,FALSE,FALSE,TRUE,TRUE,wildlife_strike
pareledone aurata,cephalopods,0,epipelagic;mesopelagic;neritic;benthic,TRUE,FALSE,FALSE,TRUE,TRUE,wildlife_strike
pareledone aurorae,cephalopods,0,epipelagic;mesopelagic;neritic;benthic,TRUE,FALSE,FALSE,TRUE,TRUE,wildlife_strike
pareledone charcoti,cephalopods,0,epipelagic;mesopelagic;neritic;benthic,TRUE,FALSE,FALSE,TRUE,TRUE,wildlife_strike
pareledone cornuta,cephalopods,0,epipelagic;mesopelagic;neritic;benthic,TRUE,FALSE,FALSE,TRUE,TRUE,wildlife_strike
pareledone felix,cephalopods,0,epipelagic;mesopelagic;bathypelagic;neritic;benthic,TRUE,FALSE,FALSE,TRUE,TRUE,wildlife_strike
pareledone framensis,cephalopods,0,epipelagic;mesopelagic;neritic;benthic,TRUE,FALSE,FALSE,TRUE,TRUE,wildlife_strike
pareledone harrissoni,cephalopods,0,epipelagic;mesopelagic;bathypelagic;neritic;benthic,TRUE,FALSE,FALSE,TRUE,TRUE,wildlife_strike
pareledone panchroma,cephalopods,0,epipelagic;mesopelagic;bathypelagic;neritic;benthic,TRUE,FALSE,FALSE,TRUE,TRUE,wildlife_strike
pareledone prydzensis,cephalopods,0,epipelagic;mesopelagic;neritic;benthic,TRUE,FALSE,FALSE,TRUE,TRUE,wildlife_strike
pareledone serperastrata,cephalopods,0,epipelagic;mesopelagic;neritic;benthic,TRUE,FALSE,FALSE,TRUE,TRUE,wildlife_strike
pareledone subtilis,cephalopods,0,epipelagic;mesopelagic;neritic;benthic,TRUE,FALSE,FALSE,TRUE,TRUE,wildlife_strike
pareledone turqueti,cephalopods,0,epipelagic;mesopelagic;bathypelagic;abyssopelagic;neritic;benthic,TRUE,FALSE,FALSE,TRUE,TRUE,wildlife_strike
parenchelyurus hepburni,fish,0,epipelagic;intertidal;benthic,TRUE,TRUE,FALSE,TRUE,TRUE,wildlife_strike
parma microlepis,fish,0,epipelagic;benthic;demersal,TRUE,FALSE,FALSE,TRUE,TRUE,wildlife_strike
parmaturus,elasmobranchs,0,epipelagic;mesopelagic;bathypelagic;demersal,TRUE,FALSE,FALSE,TRUE,TRUE,wildlife_strike
paroctopus,cephalopods,0,epipelagic;neritic;benthic,TRUE,FALSE,FALSE,TRUE,TRUE,wildlife_strike
parupeneus crassilabris,fish,0,epipelagic;demersal,TRUE,FALSE,FALSE,TRUE,TRUE,wildlife_strike
parupeneus multifasciatus,fish,0,epipelagic;demersal,TRUE,FALSE,FALSE,TRUE,TRUE,wildlife_strike
parupeneus posteli,fish,0,epipelagic;demersal,TRUE,FALSE,FALSE,TRUE,TRUE,wildlife_strike
parvulastra exigua,echinoderms,0,epipelagic;benthic,TRUE,FALSE,FALSE,TRUE,TRUE,wildlife_strike
parvulastra parvivipara,echinoderms,0,epipelagic;benthic,TRUE,FALSE,FALSE,TRUE,TRUE,wildlife_strike
parvulastra vivipara,echinoderms,0,epipelagic;benthic,TRUE,FALSE,FALSE,TRUE,TRUE,wildlife_strike
pastinachus,elasmobranchs,0,epipelagic;demersal,TRUE,FALSE,FALSE,TRUE,TRUE,wildlife_strike
pateobatis,elasmobranchs,0,epipelagic;mesopelagic;benthic,TRUE,FALSE,FALSE,TRUE,TRUE,wildlife_strike
patiria chilensis,echinoderms,0,epipelagic;benthic;intertidal,TRUE,TRUE,FALSE,TRUE,TRUE,wildlife_strike
patiria miniata,echinoderms,0,epipelagic;benthic;intertidal,TRUE,TRUE,FALSE,TRUE,TRUE,wildlife_strike
patiria pectinifera,echinoderms,0,epipelagic;benthic,TRUE,FALSE,FALSE,TRUE,TRUE,wildlife_strike
patiriella regularis,echinoderms,0,epipelagic;benthic,TRUE,FALSE,FALSE,TRUE,TRUE,wildlife_strike
paxton concilians,fish,0,epipelagic;demersal,TRUE,FALSE,FALSE,TRUE,TRUE,wildlife_strike
pecten fumatus,molluscs,0,epipelagic;benthic,TRUE,FALSE,TRUE,TRUE,TRUE,wildlife_strike
pecten maximus,molluscs,0,epipelagic;benthic,TRUE,FALSE,TRUE,TRUE,TRUE,wildlife_strike
pegusa triophthalma,fish,0,epipelagic;demersal,TRUE,FALSE,FALSE,TRUE,TRUE,wildlife_strike
pelotretis flavilatus,fish,0,epipelagic;demersal,TRUE,FALSE,FALSE,TRUE,TRUE,wildlife_strike
penaeus,crustacea_arthropods,0,epipelagic;demersal,TRUE,FALSE,TRUE,TRUE,TRUE,wildlife_strike
pentamera populifera,echinoderms,0,epipelagic;benthic,TRUE,FALSE,FALSE,TRUE,TRUE,wildlife_strike
pentanchus,elasmobranchs,0,epipelagic;mesopelagic;bathypelagic;demersal,TRUE,FALSE,FALSE,TRUE,TRUE,wildlife_strike
percis matsuii,fish,0,epipelagic;demersal,TRUE,FALSE,FALSE,TRUE,TRUE,wildlife_strike
petrotyx sanguineus,fish,0,epipelagic;demersal,TRUE,FALSE,FALSE,TRUE,TRUE,wildlife_strike
phycodurus eques,fish,0,epipelagic;benthic;neritic,TRUE,FALSE,FALSE,TRUE,TRUE,wildlife_strike
pickfordiateuthis,cephalopods,0,epipelagic;neritic;demersal,TRUE,FALSE,FALSE,TRUE,TRUE,wildlife_strike
pickfordiateuthis pulchella,cephalopods,0,epipelagic;neritic;demersal,TRUE,FALSE,FALSE,TRUE,TRUE,wildlife_strike
pinctada imbricata,molluscs,0,epipelagic;benthic,TRUE,FALSE,TRUE,TRUE,TRUE,wildlife_strike
pinctada maxima,molluscs,0,epipelagic;benthic,TRUE,FALSE,TRUE,TRUE,TRUE,wildlife_strike
pinna bicolor,molluscs,0,epipelagic;benthic,TRUE,FALSE,TRUE,TRUE,TRUE,wildlife_strike
pisaster ochraceus,echinoderms,0,epipelagic;benthic,TRUE,FALSE,FALSE,TRUE,TRUE,wildlife_strike
platichthys flesus,fish,0,epipelagic;demersal,TRUE,FALSE,FALSE,TRUE,TRUE,wildlife_strike
platycephalus indicus,fish,0,epipelagic;demersal,TRUE,FALSE,FALSE,TRUE,TRUE,wildlife_strike
platyrhina,elasmobranchs,0,epipelagic;benthic,TRUE,FALSE,FALSE,TRUE,TRUE,wildlife_strike
platyrhinoidis,elasmobranchs,0,epipelagic;benthic,TRUE,FALSE,FALSE,TRUE,TRUE,wildlife_strike
plebidonax deltoides,molluscs,0,epipelagic;benthic,TRUE,FALSE,TRUE,TRUE,TRUE,wildlife_strike
plectrogenium nanum,fish,0,epipelagic;demersal,TRUE,FALSE,FALSE,TRUE,TRUE,wildlife_strike
plectropomus leopardus,fish,0,epipelagic;demersal;benthic,TRUE,FALSE,FALSE,TRUE,TRUE,wildlife_strike
pocillopora,corals,0,epipelagic;benthic;neritic,TRUE,FALSE,FALSE,TRUE,TRUE,wildlife_strike
pomacentrus coelestis,fish,0,epipelagic;demersal,TRUE,FALSE,FALSE,TRUE,TRUE,wildlife_strike
pontinus macrocephalus,fish,0,epipelagic;demersal,TRUE,FALSE,FALSE,TRUE,TRUE,wildlife_strike
porites,corals,0,epipelagic;benthic;neritic,TRUE,FALSE,FALSE,TRUE,TRUE,wildlife_strike
porocephalichthys dasyrhynchus,fish,0,epipelagic;benthic,TRUE,FALSE,FALSE,TRUE,TRUE,wildlife_strike
poroderma,elasmobranchs,0,epipelagic;mesopelagic;demersal,TRUE,FALSE,FALSE,TRUE,TRUE,wildlife_strike
praealticus dayi,fish,0,epipelagic;intertidal;benthic,TRUE,TRUE,FALSE,TRUE,TRUE,wildlife_strike
praealtus paralbida,cephalopods,0,bathypelagic;abyssopelagic;neritic;benthic,TRUE,FALSE,FALSE,TRUE,TRUE,wildlife_strike
pristidae,elasmobranchs,0,epipelagic;benthic,TRUE,FALSE,FALSE,TRUE,TRUE,wildlife_strike
pristiophoridae,elasmobranchs,0,epipelagic;mesopelagic;bathypelagic;benthic,TRUE,FALSE,FALSE,TRUE,TRUE,wildlife_strike
prognatholiparis ptychomandibularis,fish,0,epipelagic;demersal,TRUE,FALSE,FALSE,TRUE,TRUE,wildlife_strike
proscyllium,elasmobranchs,0,epipelagic;mesopelagic;bathypelagic;demersal,TRUE,FALSE,FALSE,TRUE,TRUE,wildlife_strike
psammechinus miliaris,echinoderms,0,epipelagic;benthic,TRUE,FALSE,FALSE,TRUE,TRUE,wildlife_strike
psednos harteli,fish,0,epipelagic;demersal,TRUE,FALSE,FALSE,TRUE,TRUE,wildlife_strike
psettina hainanensis,fish,0,epipelagic;demersal,TRUE,FALSE,FALSE,TRUE,TRUE,wildlife_strike
pseudocnus lubricus,echinoderms,0,epipelagic;benthic,TRUE,FALSE,FALSE,TRUE,TRUE,wildlife_strike
pseudotriakidae,elasmobranchs,0,epipelagic;demersal,TRUE,FALSE,FALSE,TRUE,TRUE,wildlife_strike
psolidium bullatum,echinoderms,0,epipelagic;benthic,TRUE,FALSE,FALSE,TRUE,TRUE,wildlife_strike
psolus chitonoides,echinoderms,0,epipelagic;benthic,TRUE,FALSE,FALSE,TRUE,TRUE,wildlife_strike
pteroctopus,cephalopods,0,epipelagic;mesopelagic;bathypelagic;neritic;benthic,TRUE,FALSE,FALSE,TRUE,TRUE,wildlife_strike
pterois lunulata,fish,0,epipelagic;demersal,TRUE,FALSE,FALSE,TRUE,TRUE,wildlife_strike
pycnogonida,crustacea_arthropods,0,epipelagic;benthic,FALSE,FALSE,TRUE,TRUE,TRUE,wildlife_strike
pycnopodia helianthoides,echinoderms,0,epipelagic;benthic,TRUE,FALSE,FALSE,TRUE,TRUE,wildlife_strike
raja,elasmobranchs,0,epipelagic;mesopelagic;bathypelagic;demersal,TRUE,FALSE,FALSE,TRUE,TRUE,wildlife_strike
rajella,elasmobranchs,0,epipelagic;mesopelagic;bathypelagic;abyssopelagic;demersal,TRUE,FALSE,FALSE,TRUE,TRUE,wildlife_strike
rhina,elasmobranchs,0,epipelagic;benthic,TRUE,FALSE,FALSE,TRUE,TRUE,wildlife_strike
rhinobatidae,elasmobranchs,0,epipelagic;benthic,TRUE,FALSE,FALSE,TRUE,TRUE,wildlife_strike
rhinomuraena quaesita,fish,0,epipelagic;neritic;demersal,TRUE,FALSE,FALSE,TRUE,TRUE,wildlife_strike
rhombosolea plebeia,fish,0,epipelagic;demersal,TRUE,FALSE,FALSE,TRUE,TRUE,wildlife_strike
rhynchorhina,elasmobranchs,0,epipelagic;benthic,TRUE,FALSE,FALSE,TRUE,TRUE,wildlife_strike
robsonella fontaniana,cephalopods,0,epipelagic;neritic;benthic,TRUE,FALSE,FALSE,TRUE,TRUE,wildlife_strike
rochia nilotica,molluscs,0,epipelagic;benthic,FALSE,FALSE,TRUE,TRUE,TRUE,wildlife_strike
rondeletiola,cephalopods,0,epipelagic;mesopelagic;neritic;demersal,TRUE,FALSE,FALSE,TRUE,TRUE,wildlife_strike
rossia,cephalopods,0,epipelagic;mesopelagic;bathypelagic;neritic;demersal,TRUE,FALSE,FALSE,TRUE,TRUE,wildlife_strike
rostroraja,elasmobranchs,0,epipelagic;mesopelagic;bathypelagic;abyssopelagic;demersal,TRUE,FALSE,FALSE,TRUE,TRUE,wildlife_strike
saccostrea glomerata,molluscs,0,epipelagic;air;intertidal,FALSE,TRUE,TRUE,TRUE,TRUE,wildlife_strike
salarias ceramensis,fish,0,epipelagic;intertidal;benthic,TRUE,TRUE,FALSE,TRUE,TRUE,wildlife_strike
salarias fasciatus,fish,0,epipelagic;benthic,TRUE,FALSE,FALSE,TRUE,TRUE,wildlife_strike
salarias sinuosus,fish,0,epipelagic;intertidal;benthic,TRUE,TRUE,FALSE,TRUE,TRUE,wildlife_strike
samariscus filipectoralis,fish,0,epipelagic;demersal,TRUE,FALSE,FALSE,TRUE,TRUE,wildlife_strike
samariscus huysmani,fish,0,epipelagic;demersal,TRUE,FALSE,FALSE,TRUE,TRUE,wildlife_strike
sasakiopus salebrosus,cephalopods,0,mesopelagic;bathypelagic;neritic;benthic,TRUE,FALSE,FALSE,TRUE,TRUE,wildlife_strike
saurenchelys fierasfer,fish,0,epipelagic;neritic;demersal,TRUE,FALSE,FALSE,TRUE,TRUE,wildlife_strike
scaeurgus,cephalopods,0,epipelagic;mesopelagic;neritic;benthic,TRUE,FALSE,FALSE,TRUE,TRUE,wildlife_strike
scarus schlegeli,fish,0,epipelagic;demersal;benthic,TRUE,FALSE,FALSE,TRUE,TRUE,wildlife_strike
schroederichthys,elasmobranchs,0,epipelagic;mesopelagic;bathypelagic;demersal,TRUE,FALSE,FALSE,TRUE,TRUE,wildlife_strike
scorpaena azorica,fish,0,epipelagic;demersal,TRUE,FALSE,FALSE,TRUE,TRUE,wildlife_strike
scorpaena hatizyoensis,fish,0,epipelagic;demersal,TRUE,FALSE,FALSE,TRUE,TRUE,wildlife_strike
scorpaenodes quadrispinosus,fish,0,epipelagic;demersal,TRUE,FALSE,FALSE,TRUE,TRUE,wildlife_strike
scyliorhinus,elasmobranchs,0,epipelagic;mesopelagic;bathypelagic;demersal,TRUE,FALSE,FALSE,TRUE,TRUE,wildlife_strike
scylla serrata,crustacea_arthropods,0,epipelagic;mesopelagic;intertidal,FALSE,TRUE,TRUE,TRUE,TRUE,wildlife_strike
sebastes diploproa,fish,0,epipelagic;mesopelagic;bathypelagic;demersal,TRUE,FALSE,FALSE,TRUE,TRUE,wildlife_strike
sebastes koreanus,fish,0,epipelagic;demersal,TRUE,FALSE,FALSE,TRUE,TRUE,wildlife_strike
semirossia,cephalopods,0,epipelagic;mesopelagic;neritic;demersal,TRUE,FALSE,FALSE,TRUE,TRUE,wildlife_strike
sepia,cephalopods,0,epipelagic;mesopelagic;bathypelagic;neritic;demersal,TRUE,FALSE,FALSE,TRUE,TRUE,wildlife_strike
sepia apama,cephalopods,0,epipelagic;neritic;demersal,TRUE,FALSE,FALSE,TRUE,TRUE,wildlife_strike
sepia bandensis,cephalopods,0,epipelagic;neritic;demersal,TRUE,FALSE,FALSE,TRUE,TRUE,wildlife_strike
sepia latimanus,cephalopods,0,epipelagic;neritic;demersal,TRUE,FALSE,FALSE,TRUE,TRUE,wildlife_strike
sepiadariidae,cephalopods,0,epipelagic;neritic;demersal,TRUE,FALSE,FALSE,TRUE,TRUE,wildlife_strike
sepiella,cephalopods,0,epipelagic;neritic;demersal,TRUE,FALSE,FALSE,TRUE,TRUE,wildlife_strike
sepietta,cephalopods,0,epipelagic;mesopelagic;neritic;benthic,TRUE,FALSE,FALSE,TRUE,TRUE,wildlife_strike
sepiola,cephalopods,0,epipelagic;mesopelagic;neritic;benthic,TRUE,FALSE,FALSE,TRUE,TRUE,wildlife_strike
sepioteuthis,cephalopods,0,epipelagic;neritic;demersal,TRUE,FALSE,FALSE,TRUE,TRUE,wildlife_strike
siliqua patula,molluscs,0,epipelagic;benthic,TRUE,FALSE,TRUE,TRUE,TRUE,wildlife_strike
skythrenchelys zabra,fish,0,epipelagic;demersal,TRUE,FALSE,FALSE,TRUE,TRUE,wildlife_strike
somniosidae,elasmobranchs,0,epipelagic;mesopelagic;bathypelagic;abyssopelagic;demersal,TRUE,FALSE,FALSE,TRUE,TRUE,wildlife_strike
somniosus microcephalus,elasmobranchs,0,epipelagic;mesopelagic;bathypelagic;abyssopelagic;demersal,TRUE,FALSE,FALSE,TRUE,TRUE,wildlife_strike
spiniraja whitleyi,elasmobranchs,0,epipelagic;mesopelagic;bathypelagic;abyssopelagic;demersal,TRUE,FALSE,FALSE,TRUE,TRUE,wildlife_strike
squalidae,elasmobranchs,0,epipelagic;mesopelagic;bathypelagic;demersal,TRUE,FALSE,FALSE,TRUE,TRUE,wildlife_strike
squatinidae,elasmobranchs,0,epipelagic;mesopelagic;bathypelagic;benthic,TRUE,FALSE,FALSE,TRUE,TRUE,wildlife_strike
stegostoma fasciatum,elasmobranchs,0,epipelagic;demersal,TRUE,FALSE,FALSE,TRUE,TRUE,wildlife_strike
strongylocentrotus droebachiensis,echinoderms,0,epipelagic;benthic,TRUE,FALSE,FALSE,TRUE,TRUE,wildlife_strike
strongylocentrotus fragilis,echinoderms,0,epipelagic;benthic,TRUE,FALSE,FALSE,TRUE,TRUE,wildlife_strike
strongylocentrotus pallidus,echinoderms,0,epipelagic;benthic,TRUE,FALSE,FALSE,TRUE,TRUE,wildlife_strike
strongylocentrotus purpuratus,echinoderms,0,epipelagic;benthic,TRUE,FALSE,FALSE,TRUE,TRUE,wildlife_strike
stygnobrotula latebricola,fish,0,epipelagic;demersal,TRUE,FALSE,FALSE,TRUE,TRUE,wildlife_strike
synclidopus macleayanus,fish,0,epipelagic;demersal,TRUE,FALSE,FALSE,TRUE,TRUE,wildlife_strike
taeniamia buruensis,fish,0,epipelagic;demersal,TRUE,FALSE,FALSE,TRUE,TRUE,wildlife_strike
taeniura,elasmobranchs,0,epipelagic;mesopelagic;benthic,TRUE,FALSE,FALSE,TRUE,TRUE,wildlife_strike
tegula funebralis,molluscs,0,epipelagic;intertidal,FALSE,TRUE,TRUE,TRUE,TRUE,wildlife_strike
telatrygon,elasmobranchs,0,epipelagic;demersal,TRUE,FALSE,FALSE,TRUE,TRUE,wildlife_strike
tetracheledone spinicirrhus,cephalopods,0,epipelagic;mesopelagic;neritic;benthic,TRUE,FALSE,FALSE,TRUE,TRUE,wildlife_strike
tetraroge barbata,fish,0,epipelagic;demersal,TRUE,FALSE,FALSE,TRUE,TRUE,wildlife_strike
thaumeledone brevis,cephalopods,0,bathypelagic;neritic;benthic,TRUE,FALSE,FALSE,TRUE,TRUE,wildlife_strike
thaumeledone gunteri,cephalopods,0,mesopelagic;neritic;benthic,TRUE,FALSE,FALSE,TRUE,TRUE,wildlife_strike
thaumeledone marshalli,cephalopods,0,bathypelagic;abyssopelagic;neritic;benthic,TRUE,FALSE,FALSE,TRUE,TRUE,wildlife_strike
thaumeledone peninsulae,cephalopods,0,mesopelagic;bathypelagic;neritic;benthic,TRUE,FALSE,FALSE,TRUE,TRUE,wildlife_strike
thaumeledone zeiss,cephalopods,0,bathypelagic;neritic;benthic,TRUE,FALSE,FALSE,TRUE,TRUE,wildlife_strike
thaumoctopus mimicus,cephalopods,0,epipelagic;neritic;benthic,TRUE,FALSE,FALSE,TRUE,TRUE,wildlife_strike
torpedinidae,elasmobranchs,0,epipelagic;mesopelagic;bathypelagic;benthic;demersal,TRUE,FALSE,FALSE,TRUE,TRUE,wildlife_strike
trapezia flavopunctata,crustacea_arthropods,0,epipelagic;benthic,FALSE,FALSE,TRUE,TRUE,TRUE,wildlife_strike
triakidae,elasmobranchs,0,epipelagic;mesopelagic;bathypelagic;demersal,TRUE,FALSE,FALSE,TRUE,TRUE,wildlife_strike
triakis semifasciata,elasmobranchs,0,epipelagic;demersal,TRUE,FALSE,FALSE,TRUE,TRUE,wildlife_strike
trichomya hirsuta,molluscs,0,epipelagic;air;intertidal;benthic,FALSE,TRUE,TRUE,TRUE,TRUE,wildlife_strike
tridacna gigas,molluscs,0,epipelagic;benthic,TRUE,FALSE,TRUE,TRUE,TRUE,wildlife_strike
tridacna maxima,molluscs,0,epipelagic;benthic,TRUE,FALSE,TRUE,TRUE,TRUE,wildlife_strike
tripneustes gratilla,echinoderms,0,epipelagic;benthic,TRUE,FALSE,FALSE,TRUE,TRUE,wildlife_strike
tripneustes kermadecensis,echinoderms,0,epipelagic;benthic,TRUE,FALSE,FALSE,TRUE,TRUE,wildlife_strike
trygonorrhina,elasmobranchs,0,epipelagic;mesopelagic;benthic,TRUE,FALSE,FALSE,TRUE,TRUE,wildlife_strike
turbo militaris,molluscs,0,epipelagic;intertidal,FALSE,TRUE,TRUE,TRUE,TRUE,wildlife_strike
urogymnus,elasmobranchs,0,epipelagic;mesopelagic;benthic,TRUE,FALSE,FALSE,TRUE,TRUE,wildlife_strike
urolophidae,elasmobranchs,0,epipelagic;mesopelagic;benthic,TRUE,FALSE,FALSE,TRUE,TRUE,wildlife_strike
uropterygius fuscoguttatus,fish,0,epipelagic;neritic;demersal,TRUE,FALSE,FALSE,TRUE,TRUE,wildlife_strike
uropterygius wheeleri,fish,0,epipelagic;neritic;demersal,TRUE,FALSE,FALSE,TRUE,TRUE,wildlife_strike
uroteuthis,cephalopods,0,epipelagic;neritic;demersal,TRUE,FALSE,FALSE,TRUE,TRUE,wildlife_strike
uroteuthis (aestuariolus) noctiluca,cephalopods,0,epipelagic;neritic;demersal,TRUE,FALSE,FALSE,TRUE,TRUE,wildlife_strike
urotrygonidae,elasmobranchs,0,epipelagic;benthic;demersal,TRUE,FALSE,FALSE,TRUE,TRUE,wildlife_strike
velodona togata,cephalopods,0,mesopelagic;bathypelagic;neritic;benthic,TRUE,FALSE,FALSE,TRUE,TRUE,wildlife_strike
vosseledone charrua,cephalopods,0,epipelagic;neritic;benthic,TRUE,FALSE,FALSE,TRUE,TRUE,wildlife_strike
wunderpus,cephalopods,0,epipelagic;neritic;benthic,TRUE,FALSE,FALSE,TRUE,TRUE,wildlife_strike
xenomystax trucidans,fish,0,bathypelagic;neritic;benthic,TRUE,FALSE,FALSE,TRUE,TRUE,wildlife_strike
xestochilus nebulosus,fish,0,epipelagic;demersal,TRUE,FALSE,FALSE,TRUE,TRUE,wildlife_strike
zanobatus,elasmobranchs,0,epipelagic;benthic,TRUE,FALSE,FALSE,TRUE,TRUE,wildlife_strike
zapteryx,elasmobranchs,0,epipelagic;mesopelagic;benthic,TRUE,FALSE,FALSE,TRUE,TRUE,wildlife_strike
zearaja,elasmobranchs,0,epipelagic;mesopelagic;bathypelagic;abyssopelagic;demersal,TRUE,FALSE,FALSE,TRUE,TRUE,wildlife_strike
zearaja maugeana,elasmobranchs,0,epipelagic;benthic,TRUE,FALSE,FALSE,TRUE,TRUE,wildlife_strike
zebrias crossolepis,fish,0,epipelagic;demersal,TRUE,FALSE,FALSE,TRUE,TRUE,wildlife_strike
