class,order,stressor,taxon,mean_vuln,sd_vuln,n_spp_known,n_spp,n_prob
bivalvia,adapedonta,eutrophication_nutrient_pollution,molluscs,0.5712481119011981,0.01540914916703557,2,2,2
bivalvia,adapedonta,inorganic_pollution,molluscs,0.5241629426367245,0.01145946593418445,2,2,2
bivalvia,adapedonta,salinity,molluscs,0.4840437562900529,0.02797223484427798,2,2,2
bivalvia,adapedonta,water_temp,molluscs,0.41226687101455567,0.01755794531158034,2,2,2
actinopterygii,anguilliformes,biomass_removal,fish,0.7516706528599971,0.03339326017933095,1019,1019,976
actinopterygii,anguilliformes,bycatch,fish,0.48628255304623985,0.06735174387143332,1019,1019,976
actinopterygii,anguilliformes,entanglement_macroplastic,fish,0.2248413352040195,0.13369323455806065,1019,1019,976
actinopterygii,anguilliformes,eutrophication_nutrient_pollution,fish,0.4487746943332966,0.04222521362235814,1019,1019,976
actinopterygii,anguilliformes,habitat_loss_degradation,fish,0.35849151915478217,0.02624194260859863,1019,1019,976
actinopterygii,anguilliformes,inorganic_pollution,fish,0.42142944269697774,0.03434906664598938,1019,1019,976
actinopterygii,anguilliformes,light_pollution,fish,0.1317083582563017,0.09027018503602474,1019,1019,976
actinopterygii,anguilliformes,noise_pollution,fish,0.02281459541092365,0.03227127234034066,1019,1019,975
actinopterygii,anguilliformes,oa,fish,0.35918807367323186,0.01742869937437305,1019,1019,976
actinopterygii,anguilliformes,oceanographic,fish,0.23233386231228495,0.05515002404474999,1019,1019,975
actinopterygii,anguilliformes,organic_pollution,fish,0.4508160936940578,0.05482351582182297,1019,1019,976
actinopterygii,anguilliformes,plastic_pollution_microplastic,fish,0.41246469727644475,0.02373058359375585,1019,1019,976
actinopterygii,anguilliformes,poisons_toxins,fish,0.4438818940321281,0.03585544318640406,1019,1019,976
actinopterygii,anguilliformes,salinity,fish,0.4741221451165666,0.03265044911854102,1019,1019,976
actinopterygii,anguilliformes,sedimentation,fish,0.3831391913321058,0.03705338660925267,1019,1019,976
actinopterygii,anguilliformes,slr,fish,0.06237500628409484,0.04602354167174648,1019,1019,976
actinopterygii,anguilliformes,storm_disturbance,fish,0.14532749527635094,0.00642560453941839,1019,1019,976
actinopterygii,anguilliformes,uv,fish,0.12044344220436494,0.08271036450434734,1019,1019,976
actinopterygii,anguilliformes,water_temp,fish,0.3640962234669963,0.04457016931978695,1019,1019,976
actinopterygii,anguilliformes,wildlife_strike,fish,0.02899640684499163,0.0409955737130827,1019,1019,976
actinopterygii,batrachoidiformes,biomass_removal,fish,0.6823054741950805,0.0102624866480791,78,78,73
actinopterygii,batrachoidiformes,bycatch,fish,0.40857492724090894,0.00614857132785042,78,78,73
actinopterygii,batrachoidiformes,entanglement_macroplastic,fish,0.13656046835855126,0.0016591038192624,78,78,73
actinopterygii,batrachoidiformes,eutrophication_nutrient_pollution,fish,0.24448739735007255,0.05064237313890076,78,78,73
actinopterygii,batrachoidiformes,habitat_loss_degradation,fish,0.32617217686447897,0.00391472874080916,78,78,73
actinopterygii,batrachoidiformes,inorganic_pollution,fish,0.32681589378417886,0.01425004222350597,78,78,73
actinopterygii,batrachoidiformes,noise_pollution,fish,0.2222253028178892,0.00291363636120061,78,78,73
actinopterygii,batrachoidiformes,oa,fish,0.3293093365471861,0.00431514568637316,78,78,73
actinopterygii,batrachoidiformes,oceanographic,fish,0.10694705440618052,0.10129301483593832,78,78,73
actinopterygii,batrachoidiformes,organic_pollution,fish,0.28114590692863833,0.0192591444166718,78,78,73
actinopterygii,batrachoidiformes,plastic_pollution_microplastic,fish,0.18966928997229535,0.00238384350672108,78,78,73
actinopterygii,batrachoidiformes,poisons_toxins,fish,0.22695175287049396,0.00296831149273238,78,78,73
actinopterygii,batrachoidiformes,salinity,fish,0.2858892387162716,0.09186055707465032,78,78,73
actinopterygii,batrachoidiformes,sedimentation,fish,0.18184467819598643,0.00238625947506691,78,78,73
actinopterygii,batrachoidiformes,storm_disturbance,fish,0.09333685030626308,0.03684301138546857,78,78,73
actinopterygii,batrachoidiformes,water_temp,fish,0.2436680494297581,0.05206259759085115,78,78,73
actinopterygii,blenniiformes,air_temp,fish,0.25150906087904457,0.07433930518536701,406,406,386
actinopterygii,blenniiformes,biomass_removal,fish,0.6226624944850342,0.01188454481448319,406,406,386
actinopterygii,blenniiformes,bycatch,fish,0.21770953662787784,0.0986616140149475,406,406,386
actinopterygii,blenniiformes,entanglement_macroplastic,fish,0.1064860460240078,0.04677265301829655,406,406,386
actinopterygii,blenniiformes,eutrophication_nutrient_pollution,fish,0.32504566062642176,0.04588146922385996,406,406,386
actinopterygii,blenniiformes,habitat_loss_degradation,fish,0.32007951438581544,0.02777380124206647,406,406,386
actinopterygii,blenniiformes,inorganic_pollution,fish,0.34132867365033265,0.01709808346423695,406,406,386
actinopterygii,blenniiformes,light_pollution,fish,0.16145924266226505,0.03997790344182945,406,406,386
actinopterygii,blenniiformes,noise_pollution,fish,0.01811630419891312,0.02463712750113101,406,406,386
actinopterygii,blenniiformes,oa,fish,0.28628601319460445,0.00625311598132795,406,406,386
actinopterygii,blenniiformes,oceanographic,fish,0.1940593746591477,0.08146209771486244,406,406,386
actinopterygii,blenniiformes,organic_pollution,fish,0.30627873276569745,0.02413020444670496,406,406,386
actinopterygii,blenniiformes,plastic_pollution_microplastic,fish,0.327168245222846,0.04357242317900966,406,406,386
actinopterygii,blenniiformes,poisons_toxins,fish,0.3407955984740782,0.02993676458632126,406,406,386
actinopterygii,blenniiformes,salinity,fish,0.3689713482375135,0.04601876733255393,406,406,386
actinopterygii,blenniiformes,sedimentation,fish,0.30090825858990583,0.02918960418693957,406,406,386
actinopterygii,blenniiformes,slr,fish,0.06727603233901001,0.02404502749532168,406,406,386
actinopterygii,blenniiformes,storm_disturbance,fish,0.10189747209210276,0.02079827449251227,406,406,386
actinopterygii,blenniiformes,uv,fish,0.12363220365668902,0.03062535386740031,406,406,386
actinopterygii,blenniiformes,water_temp,fish,0.33487721097777595,0.04178951394690702,406,406,386
echinoidea,camarodonta,air_temp,echinoderms,0.11660600209731578,0.1280027314413929,310,310,296
echinoidea,camarodonta,biomass_removal,echinoderms,0.7051557371448955,0.01227621155709815,310,310,296
echinoidea,camarodonta,bycatch,echinoderms,0.34139501920524484,0.1315635203768643,310,310,296
echinoidea,camarodonta,entanglement_macroplastic,echinoderms,0.1018472828229262,0.06216254938688435,310,310,296
echinoidea,camarodonta,eutrophication_nutrient_pollution,echinoderms,0.4182909270353206,0.02995898538614517,310,310,299
echinoidea,camarodonta,habitat_loss_degradation,echinoderms,0.34674463782337395,0.02586739840680214,310,310,296
echinoidea,camarodonta,inorganic_pollution,echinoderms,0.38462938468638386,0.03839746174445455,310,310,299
echinoidea,camarodonta,light_pollution,echinoderms,0.1889897590657388,0.00267650528333699,310,310,296
echinoidea,camarodonta,oa,echinoderms,0.4268547171406196,0.03302470390074984,310,310,299
echinoidea,camarodonta,oceanographic,echinoderms,0.4654029287597743,0.00811067184939173,310,310,296
echinoidea,camarodonta,organic_pollution,echinoderms,0.3773748588099836,0.04365163045643013,310,310,299
echinoidea,camarodonta,plastic_pollution_microplastic,echinoderms,0.24137458638656903,0.03518298573807275,310,310,299
echinoidea,camarodonta,poisons_toxins,echinoderms,0.3991509786009333,0.02502409513421084,310,310,299
echinoidea,camarodonta,salinity,echinoderms,0.4607901630799233,0.02981278241468347,310,310,299
echinoidea,camarodonta,sedimentation,echinoderms,0.26443439885449654,0.02727170425174718,310,310,299
echinoidea,camarodonta,slr,echinoderms,0.0828204547451989,0.00119845197338093,310,310,296
echinoidea,camarodonta,storm_disturbance,echinoderms,0.12251850488194196,0.00279539148894303,310,310,296
echinoidea,camarodonta,uv,echinoderms,0.14598462125606937,0.00467058173911533,310,310,296
echinoidea,camarodonta,water_temp,echinoderms,0.5289324456308745,0.04775479706741359,310,310,296
actinopterygii,carangiformes,biomass_removal,fish,0.6474823652387116,0.00579451177368383,152,152,145
actinopterygii,carangiformes,bycatch,fish,0.4253269131177408,0.06606298578094162,152,152,145
actinopterygii,carangiformes,entanglement_macroplastic,fish,0.212047026248379,0.12580053922663603,152,152,145
actinopterygii,carangiformes,eutrophication_nutrient_pollution,fish,0.3633695241300998,0.02918239514543761,152,152,145
actinopterygii,carangiformes,habitat_loss_degradation,fish,0.3127764487511081,0.00225178134077555,152,152,145
actinopterygii,carangiformes,inorganic_pollution,fish,0.38650582049316046,0.01374395862542569,152,152,145
actinopterygii,carangiformes,light_pollution,fish,0.1762493651741681,0.00130250960343694,152,152,145
actinopterygii,carangiformes,oa,fish,0.29623012059169684,0.00377567228047898,152,152,145
actinopterygii,carangiformes,oceanographic,fish,0.3963390411331729,0.07905832413792524,152,152,145
actinopterygii,carangiformes,organic_pollution,fish,0.41143978894242605,0.02226227612545159,152,152,145
actinopterygii,carangiformes,plastic_pollution_microplastic,fish,0.3365503783354855,0.00344137492953265,152,152,145
actinopterygii,carangiformes,poisons_toxins,fish,0.4095302272411642,0.00521960747501877,152,152,145
actinopterygii,carangiformes,salinity,fish,0.3749190333546982,0.0546052525384626,152,152,145
actinopterygii,carangiformes,sedimentation,fish,0.35776602574977023,0.01764119628967758,152,152,145
actinopterygii,carangiformes,slr,fish,0.06617434337175072,0.02864118350099427,152,152,145
actinopterygii,carangiformes,storm_disturbance,fish,0.10691993064626194,0.02472804306788563,152,152,145
actinopterygii,carangiformes,uv,fish,0.13501783198795045,0.00101778288334296,152,152,145
actinopterygii,carangiformes,water_temp,fish,0.3691613995175575,0.01623807207595315,152,152,145
actinopterygii,carangiformes,wildlife_strike,fish,0.1627351065610023,0.03539942262084838,152,152,145
elasmobranchii,carcharhiniformes,air_temp,elasmobranchs,0.00369147105618142,0.02842979248776754,299,299,4
elasmobranchii,carcharhiniformes,biomass_removal,elasmobranchs,0.8707331015246236,0.0522088123324309,299,299,75
elasmobranchii,carcharhiniformes,bycatch,elasmobranchs,0.571785046172953,0.07719324000739455,299,299,176
elasmobranchii,carcharhiniformes,entanglement_macroplastic,elasmobranchs,0.25851385398029864,0.14342682807514043,299,299,176
elasmobranchii,carcharhiniformes,eutrophication_nutrient_pollution,elasmobranchs,0.21365233855749535,0.02426526436817881,299,299,75
elasmobranchii,carcharhiniformes,habitat_loss_degradation,elasmobranchs,0.3810263025434032,0.04475291703765365,299,299,75
elasmobranchii,carcharhiniformes,inorganic_pollution,elasmobranchs,0.22646942231047704,0.03828049334972429,299,299,274
elasmobranchii,carcharhiniformes,noise_pollution,elasmobranchs,0.04076852388216498,0.06991497148439528,299,299,10
elasmobranchii,carcharhiniformes,oa,elasmobranchs,0.03860073752071109,0.00436209726012305,299,299,75
elasmobranchii,carcharhiniformes,oceanographic,elasmobranchs,0.27598340098813223,0.04473710794687044,299,299,75
elasmobranchii,carcharhiniformes,organic_pollution,elasmobranchs,0.35227761652039513,0.04909807389815802,299,299,274
elasmobranchii,carcharhiniformes,plastic_pollution_microplastic,elasmobranchs,0.2235316138180732,0.02245142365897356,299,299,75
elasmobranchii,carcharhiniformes,poisons_toxins,elasmobranchs,0.2707173883909929,0.02835420097719316,299,299,75
elasmobranchii,carcharhiniformes,salinity,elasmobranchs,0.1925904473354086,0.03251565689765137,299,299,75
elasmobranchii,carcharhiniformes,sedimentation,elasmobranchs,0.2036342219273687,0.03601828495028415,299,299,176
elasmobranchii,carcharhiniformes,slr,elasmobranchs,0.09321612136022447,0.03075203109143128,299,299,61
elasmobranchii,carcharhiniformes,storm_disturbance,elasmobranchs,0.07911112592920172,0.00853611214070528,299,299,75
elasmobranchii,carcharhiniformes,water_temp,elasmobranchs,0.07845771224675797,0.03279799391414669,299,299,266
elasmobranchii,carcharhiniformes,wildlife_strike,elasmobranchs,0.04240973955857092,0.0785943719993847,299,299,63
bivalvia,cardiida,eutrophication_nutrient_pollution,molluscs,0.5555211396721765,0.01562339308370157,12,12,12
bivalvia,cardiida,inorganic_pollution,molluscs,0.48708818528034703,0.01314280974715479,12,12,12
bivalvia,cardiida,salinity,molluscs,0.4705443639755005,0.02774072830380998,12,12,12
bivalvia,cardiida,water_temp,molluscs,0.4215854248276683,0.03126701693540201,12,12,12
mammalia,carnivora,air_temp,marine_mammals,0.3670498713744649,0.07952192465307535,61,61,58
mammalia,carnivora,biomass_removal,marine_mammals,0.7675601628156812,0.01343524223380903,61,61,15
mammalia,carnivora,bycatch,marine_mammals,0.7675362448456348,0.01348373911283976,61,61,15
mammalia,carnivora,entanglement_macroplastic,marine_mammals,0.5642378516191671,0.02790367149073398,61,61,15
mammalia,carnivora,eutrophication_nutrient_pollution,marine_mammals,0.08733486757212391,0.01405626623261518,61,61,15
mammalia,carnivora,habitat_loss_degradation,marine_mammals,0.4597478450458105,0.04487579880902653,61,61,15
mammalia,carnivora,inorganic_pollution,marine_mammals,0.16557011176897837,0.02750001881116484,61,61,59
mammalia,carnivora,invasive_species,marine_mammals,0.5719171785174607,0.12162544588549826,61,61,14
mammalia,carnivora,light_pollution,marine_mammals,0.35417337206010463,0.03982225271884835,61,61,15
mammalia,carnivora,noise_pollution,marine_mammals,0.21418279740384477,0.0189927929028095,61,61,15
mammalia,carnivora,oa,marine_mammals,0.12488588371983612,0.01556187422379942,61,61,15
mammalia,carnivora,organic_pollution,marine_mammals,0.2830883505698516,0.03559315457313295,61,61,59
mammalia,carnivora,plastic_pollution_microplastic,marine_mammals,0.0612582973212297,0.00470011448914765,61,61,15
mammalia,carnivora,poisons_toxins,marine_mammals,0.04348080849310005,0.00385840653241664,61,61,15
mammalia,carnivora,sedimentation,marine_mammals,0.08987977366190347,0.0131479907952777,61,61,15
mammalia,carnivora,slr,marine_mammals,0.4720452869725302,0.04028963272882168,61,61,15
mammalia,carnivora,storm_disturbance,marine_mammals,0.19232436589393917,0.01747396855290225,61,61,15
mammalia,carnivora,water_temp,marine_mammals,0.23657286408042713,0.03460895341438796,61,61,59
mammalia,carnivora,wildlife_strike,marine_mammals,0.5718634528100174,0.05071281418799448,61,61,15
mammalia,cetartiodactyla,biomass_removal,marine_mammals,0.8213929638389774,0.08482013140090848,54,54,6
mammalia,cetartiodactyla,bycatch,marine_mammals,0.8213848724845596,0.08482987346348451,54,54,6
mammalia,cetartiodactyla,entanglement_macroplastic,marine_mammals,0.6674144893355498,0.13860968489928097,54,54,6
mammalia,cetartiodactyla,eutrophication_nutrient_pollution,marine_mammals,0.14560060093203336,0.06097793343457539,54,54,5
mammalia,cetartiodactyla,habitat_loss_degradation,marine_mammals,0.4379925220275949,0.1089376266112922,54,54,6
mammalia,cetartiodactyla,inorganic_pollution,marine_mammals,0.1918083937420082,0.05356188784383979,54,54,14
mammalia,cetartiodactyla,light_pollution,marine_mammals,0.08649640719432536,0.10615156147920776,54,54,4
mammalia,cetartiodactyla,noise_pollution,marine_mammals,0.5310398708251866,0.09216354668297978,54,54,6
mammalia,cetartiodactyla,oa,marine_mammals,0.08024641887506369,0.04909535462842118,54,54,6
mammalia,cetartiodactyla,oceanographic,marine_mammals,0.11866726337980986,0.12633483887799932,54,54,2
mammalia,cetartiodactyla,organic_pollution,marine_mammals,0.4003467867383505,0.08595891827182484,54,54,14
mammalia,cetartiodactyla,plastic_pollution_microplastic,marine_mammals,0.07522330842736384,0.01453155205131378,54,54,6
mammalia,cetartiodactyla,poisons_toxins,marine_mammals,0.05279670863570657,0.01180850250024707,54,54,6
mammalia,cetartiodactyla,salinity,marine_mammals,0.10163350682235037,0.1060368108799522,54,54,2
mammalia,cetartiodactyla,sedimentation,marine_mammals,0.10104092184867532,0.11481269723300756,54,54,4
mammalia,cetartiodactyla,slr,marine_mammals,0.3651482903446326,0.12986942911924165,54,54,6
mammalia,cetartiodactyla,storm_disturbance,marine_mammals,0.2760943044537155,0.07488289328457234,54,54,6
mammalia,cetartiodactyla,water_temp,marine_mammals,0.12295489617420932,0.06146493639204192,54,54,14
mammalia,cetartiodactyla,wildlife_strike,marine_mammals,0.6822911857999304,0.1816113829722256,54,54,6
aves,charadriiformes,air_temp,seabirds,0.18997434522252515,0.02605603692252588,112,112,110
aves,charadriiformes,biomass_removal,seabirds,0.7299272626806099,0.02296394400697693,112,112,110
aves,charadriiformes,bycatch,seabirds,0.6409655336642105,0.07136903028367855,112,112,110
aves,charadriiformes,entanglement_macroplastic,seabirds,0.3650830057395748,0.1280433586959101,112,112,110
aves,charadriiformes,eutrophication_nutrient_pollution,seabirds,0.07845163806449656,0.00189099116295541,112,112,110
aves,charadriiformes,habitat_loss_degradation,seabirds,0.4260796931611354,0.0123416180671432,112,112,110
aves,charadriiformes,inorganic_pollution,seabirds,0.19081256393828028,0.01681842426093413,112,112,110
aves,charadriiformes,invasive_species,seabirds,0.5353589392871951,0.01209296042674497,112,112,110
aves,charadriiformes,light_pollution,seabirds,0.49508084421735266,0.0136614401842906,112,112,110
aves,charadriiformes,noise_pollution,seabirds,0.3913852975721673,0.00942527577757981,112,112,110
aves,charadriiformes,oa,seabirds,0.05747360006937991,0.00138624910725372,112,112,110
aves,charadriiformes,organic_pollution,seabirds,0.2814480212363704,0.02649492658712327,112,112,110
aves,charadriiformes,plastic_pollution_microplastic,seabirds,0.05645670802217208,0.00150705338584869,112,112,110
aves,charadriiformes,poisons_toxins,seabirds,0.03972917556483758,9.564825975885982e-4,112,112,110
aves,charadriiformes,sedimentation,seabirds,0.22561443847887783,0.02079981482807582,112,112,110
aves,charadriiformes,slr,seabirds,0.5132188045112691,0.01369876251788223,112,112,110
aves,charadriiformes,storm_disturbance,seabirds,0.4184675139091906,0.01010013886277486,112,112,110
aves,charadriiformes,water_temp,seabirds,0.09217655639034132,0.02028240261940511,112,112,110
aves,charadriiformes,wildlife_strike,seabirds,0.482555612783366,0.03184487025109698,112,112,110
actinopterygii,clupeiformes,biomass_removal,fish,0.6406211882536306,0.01459757887907258,135,135,127
actinopterygii,clupeiformes,bycatch,fish,0.3836180054091022,0.00873871642787478,135,135,127
actinopterygii,clupeiformes,entanglement_macroplastic,fish,0.12934285985979546,0.0029825632532236,135,135,127
actinopterygii,clupeiformes,eutrophication_nutrient_pollution,fish,0.3178015721097219,0.01177919955675298,135,135,127
actinopterygii,clupeiformes,habitat_loss_degradation,fish,0.3093886480129079,0.00635207738383676,135,135,127
actinopterygii,clupeiformes,inorganic_pollution,fish,0.3477398203318807,0.01511419695477275,135,135,127
actinopterygii,clupeiformes,light_pollution,fish,0.17400681391415845,0.00450043544035594,135,135,127
actinopterygii,clupeiformes,noise_pollution,fish,0.0216840448269979,0.09255251209646438,135,135,1
actinopterygii,clupeiformes,oa,fish,0.29265748789969226,0.00767842059008906,135,135,127
actinopterygii,clupeiformes,oceanographic,fish,0.20891868399463695,0.01298053447041675,135,135,127
actinopterygii,clupeiformes,organic_pollution,fish,0.33961754823450235,0.02143714105679707,135,135,127
actinopterygii,clupeiformes,plastic_pollution_microplastic,fish,0.33166453460569584,0.01109231043544941,135,135,127
actinopterygii,clupeiformes,poisons_toxins,fish,0.3232680310732958,0.01003729562694679,135,135,127
actinopterygii,clupeiformes,salinity,fish,0.43769745380669106,0.01720781477649213,135,135,127
actinopterygii,clupeiformes,sedimentation,fish,0.2832660873336561,0.00884896235848404,135,135,127
actinopterygii,clupeiformes,slr,fish,0.07604407122921379,0.00233204141888513,135,135,127
actinopterygii,clupeiformes,storm_disturbance,fish,0.1158933826473109,0.01478229343835902,135,135,127
actinopterygii,clupeiformes,uv,fish,0.13284056762892718,0.00526607063657807,135,135,127
actinopterygii,clupeiformes,water_temp,fish,0.3643984466532309,0.02568063639079618,135,135,127
actinopterygii,clupeiformes,wildlife_strike,fish,0.14009077771660391,0.00477938902626074,135,135,127
echinoidea,clypeasteroida,eutrophication_nutrient_pollution,echinoderms,0.4235609446316211,0.03727092658466297,677,677,675
echinoidea,clypeasteroida,habitat_loss_degradation,echinoderms,0.3559399534782792,0.03835398310093081,677,677,675
echinoidea,clypeasteroida,inorganic_pollution,echinoderms,0.3777893050397487,0.03262443254379741,677,677,675
echinoidea,clypeasteroida,oa,echinoderms,0.4246676786171694,0.01823544101998869,677,677,675
echinoidea,clypeasteroida,organic_pollution,echinoderms,0.3793300595037647,0.03718837852131882,677,677,675
echinoidea,clypeasteroida,plastic_pollution_microplastic,echinoderms,0.22646226018108845,0.01209086414141688,677,677,675
echinoidea,clypeasteroida,poisons_toxins,echinoderms,0.377158196628928,0.01619343360701743,677,677,675
echinoidea,clypeasteroida,salinity,echinoderms,0.45642739812680616,0.01785689404146367,677,677,675
echinoidea,clypeasteroida,sedimentation,echinoderms,0.25143338426207473,0.01079576955481649,677,677,675
echinoidea,diadematoida,biomass_removal,echinoderms,0.7077803985503603,0.01221970902039443,43,43,39
echinoidea,diadematoida,bycatch,echinoderms,0.4238311710465916,0.007326115559975,43,43,39
echinoidea,diadematoida,entanglement_macroplastic,echinoderms,0.1406517278155462,0.00195737743188339,43,43,39
echinoidea,diadematoida,eutrophication_nutrient_pollution,echinoderms,0.4312795883370365,0.00607190896404454,43,43,39
echinoidea,diadematoida,habitat_loss_degradation,echinoderms,0.3357804730306835,0.00459469198669948,43,43,39
echinoidea,diadematoida,inorganic_pollution,echinoderms,0.4090124265045947,0.01322467905981928,43,43,39
echinoidea,diadematoida,light_pollution,echinoderms,0.18956475695386937,0.00266879394565275,43,43,39
echinoidea,diadematoida,oa,echinoderms,0.4471136574319809,0.0062845086384507,43,43,39
echinoidea,diadematoida,oceanographic,echinoderms,0.4671575059804755,0.00804180393719883,43,43,39
echinoidea,diadematoida,organic_pollution,echinoderms,0.40585261269805095,0.01526701069835673,43,43,39
echinoidea,diadematoida,plastic_pollution_microplastic,echinoderms,0.2398420421118842,0.00318842621195825,43,43,39
echinoidea,diadematoida,poisons_toxins,echinoderms,0.39708584469883407,0.00558879514241695,43,43,39
echinoidea,diadematoida,salinity,echinoderms,0.479539779098096,0.00689843665936122,43,43,39
echinoidea,diadematoida,sedimentation,echinoderms,0.26471632367761705,0.00372980823844968,43,43,39
echinoidea,diadematoida,slr,echinoderms,0.08308276185680008,0.00119466830710478,43,43,39
echinoidea,diadematoida,storm_disturbance,echinoderms,0.12236003667766314,0.00166018287206134,43,43,39
echinoidea,diadematoida,uv,echinoderms,0.14541722301335164,0.00208218522920637,43,43,39
echinoidea,diadematoida,water_temp,echinoderms,0.5549382317777418,0.02040442060581808,43,43,39
ophiuroidea,euryalida,biomass_removal,echinoderms,0.7203798638083064,4.651085164829556e-4,186,186,1
ophiuroidea,euryalida,bycatch,echinoderms,0.4313602686731337,2.827700577370102e-4,186,186,1
ophiuroidea,euryalida,entanglement_macroplastic,echinoderms,0.14264986285500802,7.546575852449371e-5,186,186,1
ophiuroidea,euryalida,eutrophication_nutrient_pollution,echinoderms,0.4909900679573383,2.290128164119643e-4,186,186,1
ophiuroidea,euryalida,habitat_loss_degradation,echinoderms,0.3966701840532033,2.0139267090192115e-4,186,186,1
ophiuroidea,euryalida,inorganic_pollution,echinoderms,0.4967700105113702,2.1853458655987176e-4,186,186,1
ophiuroidea,euryalida,light_pollution,echinoderms,0.1922999753179352,1.0344138424093134e-4,186,186,1
ophiuroidea,euryalida,oa,echinoderms,0.3443900032655109,1.6265381356036072e-4,186,186,1
ophiuroidea,euryalida,oceanographic,echinoderms,0.4754504726822652,3.1262926867768815e-4,186,186,1
ophiuroidea,euryalida,organic_pollution,echinoderms,0.48923996794351066,2.1665357979387077e-4,186,186,1
ophiuroidea,euryalida,plastic_pollution_microplastic,echinoderms,0.33809016413770826,1.5385574286790887e-4,186,186,1
ophiuroidea,euryalida,poisons_toxins,echinoderms,0.4761197709236419,2.2533198351780252e-4,186,186,1
ophiuroidea,euryalida,salinity,echinoderms,0.43584000688094393,2.107408909576577e-4,186,186,1
ophiuroidea,euryalida,sedimentation,echinoderms,0.4368400745682896,2.04945620841975e-4,186,186,1
ophiuroidea,euryalida,slr,echinoderms,0.08430000797190672,4.572198079432667e-5,186,186,1
ophiuroidea,euryalida,storm_disturbance,echinoderms,0.2960099774979765,1.4233533221024388e-4,186,186,1
ophiuroidea,euryalida,uv,echinoderms,0.13589004343860897,6.700515087982831e-5,186,186,1
ophiuroidea,euryalida,water_temp,echinoderms,0.5547699802810518,3.310403292820921e-4,186,186,1
asteroidea,forcipulatida,inorganic_pollution,echinoderms,0.4119068611350497,0.0118809242785532,282,282,279
asteroidea,forcipulatida,organic_pollution,echinoderms,0.3697706770817408,0.01761762735975728,282,282,279
asteroidea,forcipulatida,water_temp,echinoderms,0.5296909641098456,0.01709406062681211,282,282,279
holothuroidea,holothuriida,biomass_removal,echinoderms,0.7264802683811904,0.0037807573638627,232,232,1
holothuroidea,holothuriida,bycatch,echinoderms,0.4350208071431262,0.00226133831146032,232,232,1
holothuroidea,holothuriida,entanglement_macroplastic,echinoderms,0.14360426679303798,6.026640251200007e-4,232,232,1
holothuroidea,holothuriida,eutrophication_nutrient_pollution,echinoderms,0.5235538702261537,0.00308021820895869,232,232,1
holothuroidea,holothuriida,habitat_loss_degradation,echinoderms,0.3993171217608509,0.00165316229275922,232,232,1
holothuroidea,holothuriida,inorganic_pollution,echinoderms,0.42993982210638,0.00351204477296157,232,232,1
holothuroidea,holothuriida,light_pollution,echinoderms,0.19361388382357916,8.231130686246729e-4,232,232,1
holothuroidea,holothuriida,oa,echinoderms,0.4282069978640822,0.00578988851122216,232,232,1
holothuroidea,holothuriida,oceanographic,echinoderms,0.4794789090324927,0.00249845123017365,232,232,1
holothuroidea,holothuriida,organic_pollution,echinoderms,0.3663602094782392,0.00410741262490654,232,232,1
holothuroidea,holothuriida,plastic_pollution_microplastic,echinoderms,0.22625200991230676,0.00147921984503879,232,232,1
holothuroidea,holothuriida,poisons_toxins,echinoderms,0.3807765724093739,0.00223857921454584,232,232,1
holothuroidea,holothuriida,salinity,echinoderms,0.46258303486491664,0.00262708085799893,232,232,1
holothuroidea,holothuriida,sedimentation,echinoderms,0.38077633289485735,0.00224034210090954,232,232,1
holothuroidea,holothuriida,slr,echinoderms,0.08489592138823596,3.6851855501096234e-4,232,232,1
holothuroidea,holothuriida,storm_disturbance,echinoderms,0.3141008556677951,0.00128838750656941,232,232,1
holothuroidea,holothuriida,uv,echinoderms,0.1485903973495404,6.445722490096099e-4,232,232,1
holothuroidea,holothuriida,water_temp,echinoderms,0.6239614026623937,0.0132622798615644,232,232,1
elasmobranchii,lamniformes,biomass_removal,elasmobranchs,0.8366233101553362,0.04180467033839043,16,16,2
elasmobranchii,lamniformes,bycatch,elasmobranchs,0.681579172998989,0.06339791114872263,16,16,3
elasmobranchii,lamniformes,entanglement_macroplastic,elasmobranchs,0.45082728473899514,0.0906370268455158,16,16,3
elasmobranchii,lamniformes,eutrophication_nutrient_pollution,elasmobranchs,0.18602276469490897,0.01604090112983907,16,16,2
elasmobranchii,lamniformes,habitat_loss_degradation,elasmobranchs,0.3595087560442848,0.04545507003690619,16,16,2
elasmobranchii,lamniformes,inorganic_pollution,elasmobranchs,0.1967688937394129,0.02111236322037475,16,16,7
elasmobranchii,lamniformes,noise_pollution,elasmobranchs,0.15245448153310928,0.0126181042710607,16,16,2
elasmobranchii,lamniformes,oa,elasmobranchs,0.03341400507066174,0.00276545211192389,16,16,2
elasmobranchii,lamniformes,oceanographic,elasmobranchs,0.21502637945312697,0.02795039988569285,16,16,2
elasmobranchii,lamniformes,organic_pollution,elasmobranchs,0.3580173584323079,0.03964084098714385,16,16,7
elasmobranchii,lamniformes,plastic_pollution_microplastic,elasmobranchs,0.19486808077761225,0.01999789575765522,16,16,2
elasmobranchii,lamniformes,poisons_toxins,elasmobranchs,0.2323762121336775,0.01923199037716163,16,16,2
elasmobranchii,lamniformes,salinity,elasmobranchs,0.16584239928923433,0.01449184320895105,16,16,2
elasmobranchii,lamniformes,sedimentation,elasmobranchs,0.14141015539539348,0.01388674646206166,16,16,3
elasmobranchii,lamniformes,slr,elasmobranchs,0.11205039190332154,0.07576947815608945,16,16,2
elasmobranchii,lamniformes,storm_disturbance,elasmobranchs,0.07511236207597506,0.02045265820636161,16,16,2
elasmobranchii,lamniformes,water_temp,elasmobranchs,0.06003348798623535,0.02681545526592964,16,16,6
elasmobranchii,lamniformes,wildlife_strike,elasmobranchs,0.2521302040098438,0.07154741049409905,16,16,3
gastropoda,lepetellida,air_temp,molluscs,0.3827580141697249,0.05467316591072042,3,3,3
gastropoda,lepetellida,eutrophication_nutrient_pollution,molluscs,0.4596217721906396,0.02298290527429812,3,3,3
gastropoda,lepetellida,inorganic_pollution,molluscs,0.4215834186893097,0.03907635915293325,3,3,3
gastropoda,lepetellida,salinity,molluscs,0.4095684496671763,0.03083968350609915,3,3,3
gastropoda,lepetellida,water_temp,molluscs,0.4141248026483909,0.04072313893537704,3,3,3
bivalvia,limida,eutrophication_nutrient_pollution,molluscs,0.5713392137104025,0.00275470961146078,31,31,1
bivalvia,limida,inorganic_pollution,molluscs,0.5473615529182168,0.00206482783915706,31,31,1
bivalvia,limida,salinity,molluscs,0.4838529321086809,0.00505519177786547,31,31,1
bivalvia,limida,water_temp,molluscs,0.3758310661168968,0.00315406419911079,31,31,1
actinopterygii,lophiiformes,biomass_removal,fish,0.8191155147863353,0.01825394387619769,3,3,2
actinopterygii,lophiiformes,bycatch,fish,0.4903389727869494,0.01084574951390672,3,3,2
actinopterygii,lophiiformes,entanglement_macroplastic,fish,0.1421450368622675,0.00222349905892314,3,3,2
actinopterygii,lophiiformes,eutrophication_nutrient_pollution,fish,0.5743728638018312,0.0127001562900352,3,3,2
actinopterygii,lophiiformes,habitat_loss_degradation,fish,0.4919614067041343,0.01100864432629813,3,3,2
actinopterygii,lophiiformes,inorganic_pollution,fish,0.6724009091917655,0.03326844450181345,3,3,2
actinopterygii,lophiiformes,oa,fish,0.40948054537533607,0.00907915974719857,3,3,2
actinopterygii,lophiiformes,organic_pollution,fish,0.497824990647792,0.04682853595913527,3,3,2
actinopterygii,lophiiformes,plastic_pollution_microplastic,fish,0.273039304654609,0.00603787527293979,3,3,2
actinopterygii,lophiiformes,poisons_toxins,fish,0.3774471639569804,0.00844537398492004,3,3,2
actinopterygii,lophiiformes,salinity,fish,0.3727170992002839,0.00836857363030823,3,3,2
actinopterygii,lophiiformes,sedimentation,fish,0.6285878523018724,0.0141079045985335,3,3,2
actinopterygii,lophiiformes,storm_disturbance,fish,0.2738849599509896,0.00605146485257026,3,3,2
actinopterygii,lophiiformes,water_temp,fish,0.3427056914129371,0.0395865975389818,3,3,2
actinopterygii,lophiiformes,wildlife_strike,fish,0.20551598632676388,0.00456538071924887,3,3,2
actinopterygii,mulliformes,biomass_removal,fish,0.6369915528176935,0.00503781841943611,100,100,96
actinopterygii,mulliformes,bycatch,fish,0.3814227645348312,0.00301529386440479,100,100,96
actinopterygii,mulliformes,entanglement_macroplastic,fish,0.12914915913926378,8.3590792020008e-4,100,100,96
actinopterygii,mulliformes,eutrophication_nutrient_pollution,fish,0.3694812597220642,0.00241760933282565,100,100,96
actinopterygii,mulliformes,habitat_loss_degradation,fish,0.30869094414811915,0.00196826317450885,100,100,96
actinopterygii,mulliformes,inorganic_pollution,fish,0.38074101225055945,0.00946743856512658,100,100,96
actinopterygii,mulliformes,light_pollution,fish,0.1738906152071493,0.00113546924353846,100,100,96
actinopterygii,mulliformes,oa,fish,0.2924492407562511,0.00190943422135438,100,100,96
actinopterygii,mulliformes,oceanographic,fish,0.42041051544328806,0.00332383774617125,100,100,96
actinopterygii,mulliformes,organic_pollution,fish,0.38813121881778223,0.01422133755597934,100,100,96
actinopterygii,mulliformes,plastic_pollution_microplastic,fish,0.3324294771175671,0.00204878341125012,100,100,96
actinopterygii,mulliformes,poisons_toxins,fish,0.4042976234654303,0.0026350791575635,100,100,96
actinopterygii,mulliformes,salinity,fish,0.3907779443922643,0.00260810556244166,100,100,96
actinopterygii,mulliformes,sedimentation,fish,0.364232999593258,0.00238069703859475,100,100,96
actinopterygii,mulliformes,slr,fish,0.07607983073450748,5.072492843776624e-4,100,100,96
actinopterygii,mulliformes,storm_disturbance,fish,0.11257018862722223,7.158810895473127e-4,100,100,96
actinopterygii,mulliformes,uv,fish,0.1331700823039959,8.855301989809235e-4,100,100,96
actinopterygii,mulliformes,water_temp,fish,0.3730845793419496,0.01546522187860622,100,100,96
actinopterygii,myctophiformes,biomass_removal,fish,0.6603637374579706,0.00715966490621206,266,266,255
actinopterygii,myctophiformes,bycatch,fish,0.20562587512849947,0.1250823497155652,266,266,255
actinopterygii,myctophiformes,entanglement_macroplastic,fish,0.0636025157858905,0.07141461996056091,266,266,255
actinopterygii,myctophiformes,eutrophication_nutrient_pollution,fish,0.24926168986134964,0.02380280903641063,266,266,255
actinopterygii,myctophiformes,habitat_loss_degradation,fish,0.3665893653623909,0.00367320208322347,266,266,255
actinopterygii,myctophiformes,inorganic_pollution,fish,0.2898934910825021,0.02783360917900088,266,266,255
actinopterygii,myctophiformes,light_pollution,fish,0.03007186847865557,0.038309650333456353,266,266,255
actinopterygii,myctophiformes,oa,fish,0.2447090766628903,0.00801715854719609,266,266,255
actinopterygii,myctophiformes,oceanographic,fish,0.16832461943224966,0.03303399992595938,266,266,255
actinopterygii,myctophiformes,organic_pollution,fish,0.2623291110171946,0.04480668960716048,266,266,255
actinopterygii,myctophiformes,plastic_pollution_microplastic,fish,0.21264996075544612,0.03913450661280791,266,266,255
actinopterygii,myctophiformes,poisons_toxins,fish,0.2264428395743077,0.03870104793976046,266,266,255
actinopterygii,myctophiformes,salinity,fish,0.30925470797807336,0.01981089776993131,266,266,255
actinopterygii,myctophiformes,sedimentation,fish,0.188024781057128,0.03455923693713027,266,266,255
actinopterygii,myctophiformes,slr,fish,0.07841032415449935,7.090118421079221e-4,266,266,255
actinopterygii,myctophiformes,storm_disturbance,fish,0.05699784802776263,0.01520755729118888,266,266,255
actinopterygii,myctophiformes,uv,fish,0.0164367972960229,0.02090532777127417,266,266,255
actinopterygii,myctophiformes,water_temp,fish,0.25699037323152885,0.03628255978273623,266,266,255
actinopterygii,myctophiformes,wildlife_strike,fish,0.05202411030132448,0.05542112544321511,266,266,255
elasmobranchii,myliobatiformes,biomass_removal,elasmobranchs,0.8716391690478547,0.0513460168716635,211,211,45
elasmobranchii,myliobatiformes,bycatch,elasmobranchs,0.5823114614323156,0.10185432522951764,211,211,153
elasmobranchii,myliobatiformes,entanglement_macroplastic,elasmobranchs,0.28045049238535624,0.1646593395513764,211,211,153
elasmobranchii,myliobatiformes,eutrophication_nutrient_pollution,elasmobranchs,0.2075568635483965,0.03162099359569589,211,211,45
elasmobranchii,myliobatiformes,habitat_loss_degradation,elasmobranchs,0.3911752451068085,0.02327219791209718,211,211,45
elasmobranchii,myliobatiformes,inorganic_pollution,elasmobranchs,0.2230405471245252,0.0251289015727842,211,211,198
elasmobranchii,myliobatiformes,oa,elasmobranchs,0.03992371920526632,0.00251022248063152,211,211,45
elasmobranchii,myliobatiformes,oceanographic,elasmobranchs,0.25861342217155925,0.08316365323567772,211,211,45
elasmobranchii,myliobatiformes,organic_pollution,elasmobranchs,0.3511535176298748,0.04268069911309222,211,211,198
elasmobranchii,myliobatiformes,plastic_pollution_microplastic,elasmobranchs,0.2300346869622799,0.01335201814145725,211,211,45
elasmobranchii,myliobatiformes,poisons_toxins,elasmobranchs,0.2776528145549484,0.01745644686721467,211,211,45
elasmobranchii,myliobatiformes,salinity,elasmobranchs,0.18218316400810897,0.05849953209777078,211,211,45
elasmobranchii,myliobatiformes,sedimentation,elasmobranchs,0.2037825000149682,0.02688289349732236,211,211,153
elasmobranchii,myliobatiformes,slr,elasmobranchs,0.09041684938701484,0.04340959065252692,211,211,45
elasmobranchii,myliobatiformes,storm_disturbance,elasmobranchs,0.07461336507534538,0.02554155124185295,211,211,45
elasmobranchii,myliobatiformes,water_temp,elasmobranchs,0.09495538940081856,0.02703575580725367,211,211,156
elasmobranchii,myliobatiformes,wildlife_strike,elasmobranchs,0.04971315206829695,0.10586915987178702,211,211,33
cephalopoda,myopsida,inorganic_pollution,cephalopods,0.3771750689115314,0.03009657402196377,48,48,6
cephalopoda,myopsida,organic_pollution,cephalopods,0.40517677363786375,0.04635728034152711,48,48,6
cephalopoda,myopsida,water_temp,cephalopods,0.34975940121097876,0.03600802091735465,48,48,6
bivalvia,mytilida,air_temp,molluscs,0.3179587942984785,0.04448162430034573,5,5,5
bivalvia,mytilida,eutrophication_nutrient_pollution,molluscs,0.5541921921705388,0.01487743314396486,5,5,5
bivalvia,mytilida,inorganic_pollution,molluscs,0.4995717921338439,0.02555140491038246,5,5,5
bivalvia,mytilida,salinity,molluscs,0.4690151139991977,0.02745170215278267,5,5,5
bivalvia,mytilida,water_temp,molluscs,0.38402033862008494,0.03935256842478004,5,5,5
myxini,myxiniformes,biomass_removal,fish,0.6451418157495249,0.00898032514800401,87,87,87
myxini,myxiniformes,bycatch,fish,0.3863106133811636,0.00537467925600153,87,87,87
myxini,myxiniformes,entanglement_macroplastic,fish,0.13049796909708827,0.00148267956856798,87,87,87
myxini,myxiniformes,eutrophication_nutrient_pollution,fish,0.08483953654088396,0.00103707970589208,87,87,87
myxini,myxiniformes,habitat_loss_degradation,fish,0.3118568233488716,0.00349570281536597,87,87,87
myxini,myxiniformes,inorganic_pollution,fish,0.2025320790499684,0.01684687440685982,87,87,87
myxini,myxiniformes,oa,fish,0.03108029338148752,3.783262907752264e-4,87,87,87
myxini,myxiniformes,organic_pollution,fish,0.29734337659225607,0.02462601783440292,87,87,87
myxini,myxiniformes,plastic_pollution_microplastic,fish,0.18097081194417464,0.00212228293883687,87,87,87
myxini,myxiniformes,poisons_toxins,fish,0.2161192314587843,0.00263031730763388,87,87,87
myxini,myxiniformes,sedimentation,fish,0.1731609929698005,0.00211231082610392,87,87,87
myxini,myxiniformes,water_temp,fish,0.04429346435117912,0.02043058242493194,87,87,87
cephalopoda,nautilida,biomass_removal,cephalopods,0.7845143166336267,0.01340536480620598,4,4,1
cephalopoda,nautilida,bycatch,cephalopods,0.4697382955601544,0.00802675617043579,4,4,1
cephalopoda,nautilida,entanglement_macroplastic,cephalopods,0.15260076398873035,0.00204779722177834,4,4,1
cephalopoda,nautilida,eutrophication_nutrient_pollution,cephalopods,0.536520256515257,0.0078070693113156,4,4,1
cephalopoda,nautilida,habitat_loss_degradation,cephalopods,0.4293911801022241,0.00668408100386905,4,4,1
cephalopoda,nautilida,inorganic_pollution,cephalopods,0.4612133945615684,0.01391489506480727,4,4,1
cephalopoda,nautilida,noise_pollution,cephalopods,0.25061359153886364,0.00363710841159646,4,4,1
cephalopoda,nautilida,oa,cephalopods,0.4093062429788581,0.00595563618451865,4,4,1
cephalopoda,nautilida,oceanographic,cephalopods,0.18309975648150795,0.00220999984959347,4,4,1
cephalopoda,nautilida,organic_pollution,cephalopods,0.38325711227133374,0.01789306324843773,4,4,1
cephalopoda,nautilida,plastic_pollution_microplastic,cephalopods,0.2127870956588675,0.00295936627885285,4,4,1
cephalopoda,nautilida,poisons_toxins,cephalopods,0.3083811591520006,0.00447614311240189,4,4,1
cephalopoda,nautilida,salinity,cephalopods,0.40700038453908166,0.00567121924840051,4,4,1
cephalopoda,nautilida,sedimentation,cephalopods,0.3592729948427966,0.00522570481073678,4,4,1
cephalopoda,nautilida,slr,cephalopods,0.09041790429692116,0.0012547423200819,4,4,1
cephalopoda,nautilida,storm_disturbance,cephalopods,0.07044953548834143,9.776433766258523e-4,4,4,1
cephalopoda,nautilida,water_temp,cephalopods,0.26455014523979536,0.04174616992210765,4,4,1
cephalopoda,octopoda,biomass_removal,cephalopods,0.7235590641278594,0.01924794472079094,281,281,78
cephalopoda,octopoda,bycatch,cephalopods,0.4383377202808844,0.04721735028915105,281,281,78
cephalopoda,octopoda,entanglement_macroplastic,cephalopods,0.15122884894862076,0.05579026359732125,281,281,78
cephalopoda,octopoda,eutrophication_nutrient_pollution,cephalopods,0.5033494673575921,0.02301636392916919,281,281,78
cephalopoda,octopoda,habitat_loss_degradation,cephalopods,0.34605773535885237,0.01695788108089933,281,281,78
cephalopoda,octopoda,inorganic_pollution,cephalopods,0.4219057055835863,0.0313020495423132,281,281,102
cephalopoda,octopoda,light_pollution,cephalopods,0.06219280088233859,0.08568066538039641,281,281,77
cephalopoda,octopoda,noise_pollution,cephalopods,0.23380879748699543,0.00536267083840653,281,281,78
cephalopoda,octopoda,oa,cephalopods,0.3846854817453082,0.01282759384785763,281,281,78
cephalopoda,octopoda,oceanographic,cephalopods,0.4729371285974526,0.02794022363146621,281,281,78
cephalopoda,octopoda,organic_pollution,cephalopods,0.404110068358677,0.04805299405290499,281,281,102
cephalopoda,octopoda,plastic_pollution_microplastic,cephalopods,0.25364639933129224,0.07909605211982465,281,281,78
cephalopoda,octopoda,poisons_toxins,cephalopods,0.37199965899554865,0.05350575838331713,281,281,78
cephalopoda,octopoda,salinity,cephalopods,0.4133043443855581,0.01920380464976404,281,281,78
cephalopoda,octopoda,sedimentation,cephalopods,0.39046526518769936,0.01726268637708203,281,281,78
cephalopoda,octopoda,slr,cephalopods,0.07463763349176969,0.02680027722879084,281,281,78
cephalopoda,octopoda,storm_disturbance,cephalopods,0.09261343266583184,0.0346648849138384,281,281,78
cephalopoda,octopoda,uv,cephalopods,0.05068617752000784,0.06922535489998201,281,281,77
cephalopoda,octopoda,water_temp,cephalopods,0.38821914317667305,0.08322286924365171,281,281,102
ophiuroidea,ophiurida,air_temp,echinoderms,0.47993996431990554,1.6931476028414426e-4,443,443,1
ophiuroidea,ophiurida,biomass_removal,echinoderms,0.7077900135806162,2.939094814661013e-4,443,443,1
ophiuroidea,ophiurida,bycatch,echinoderms,0.13986001505041307,5.756791776822529e-5,443,443,1
ophiuroidea,ophiurida,eutrophication_nutrient_pollution,echinoderms,0.6125401489238309,2.2128405757758295e-4,443,443,1
ophiuroidea,ophiurida,habitat_loss_degradation,echinoderms,0.3911999293228042,1.2852303808650247e-4,443,443,1
ophiuroidea,ophiurida,inorganic_pollution,echinoderms,0.5318700787046831,1.881435707464244e-4,443,443,1
ophiuroidea,ophiurida,light_pollution,echinoderms,0.1895700206641811,6.403919403556745e-5,443,443,1
ophiuroidea,ophiurida,oa,echinoderms,0.4767598780630567,1.69282835835897e-4,443,443,1
ophiuroidea,ophiurida,oceanographic,echinoderms,0.4671400544225675,1.9317719656767929e-4,443,443,1
ophiuroidea,ophiurida,organic_pollution,echinoderms,0.4731399352767833,1.596237285207058e-4,443,443,1
ophiuroidea,ophiurida,plastic_pollution_microplastic,echinoderms,0.5220900310937919,1.8169604311920752e-4,443,443,1
ophiuroidea,ophiurida,poisons_toxins,echinoderms,0.6125399876063531,2.1766116343685104e-4,443,443,1
ophiuroidea,ophiurida,salinity,echinoderms,0.5082297963910212,1.861337153532406e-4,443,443,1
ophiuroidea,ophiurida,sedimentation,echinoderms,0.6125400896847519,2.2054974957521053e-4,443,443,1
ophiuroidea,ophiurida,slr,echinoderms,0.08308000744137259,2.846775133809667e-5,443,443,1
ophiuroidea,ophiurida,storm_disturbance,echinoderms,0.3451801453980257,1.2721007571535564e-4,443,443,1
ophiuroidea,ophiurida,uv,echinoderms,0.17562001414265005,7.285717887065048e-5,443,443,1
ophiuroidea,ophiurida,water_temp,echinoderms,0.5459599243764337,2.0453569719786887e-4,443,443,1
elasmobranchii,orectolobiformes,biomass_removal,elasmobranchs,0.8701860335540562,0.05594141825706268,43,43,29
elasmobranchii,orectolobiformes,bycatch,elasmobranchs,0.5674082251638026,0.07731366315124806,43,43,31
elasmobranchii,orectolobiformes,entanglement_macroplastic,elasmobranchs,0.25470445618808696,0.15092289970849407,43,43,31
elasmobranchii,orectolobiformes,eutrophication_nutrient_pollution,elasmobranchs,0.219663321907098,0.01115958861112691,43,43,29
elasmobranchii,orectolobiformes,habitat_loss_degradation,elasmobranchs,0.39626392734046767,0.0210609819608191,43,43,29
elasmobranchii,orectolobiformes,inorganic_pollution,elasmobranchs,0.2277572752228759,0.03139924556300001,43,43,39
elasmobranchii,orectolobiformes,oa,elasmobranchs,0.040104099997876,0.00228854688158859,43,43,29
elasmobranchii,orectolobiformes,oceanographic,elasmobranchs,0.28649033316408595,0.02027188271609471,43,43,29
elasmobranchii,orectolobiformes,organic_pollution,elasmobranchs,0.35146386248420197,0.04014404948296254,43,43,39
elasmobranchii,orectolobiformes,plastic_pollution_microplastic,elasmobranchs,0.23117531496785457,0.01173130499631588,43,43,29
elasmobranchii,orectolobiformes,poisons_toxins,elasmobranchs,0.2788907399297649,0.01591863415990142,43,43,29
elasmobranchii,orectolobiformes,salinity,elasmobranchs,0.2022832817060933,0.01167156266227602,43,43,29
elasmobranchii,orectolobiformes,sedimentation,elasmobranchs,0.20966400831251353,0.02968715527440646,43,43,31
elasmobranchii,orectolobiformes,slr,elasmobranchs,0.10439267221136546,0.03863614284561337,43,43,29
elasmobranchii,orectolobiformes,storm_disturbance,elasmobranchs,0.0835193753258597,0.00920138314756168,43,43,29
elasmobranchii,orectolobiformes,water_temp,elasmobranchs,0.09560533609733587,0.02886497826022242,43,43,39
bivalvia,ostreida,air_temp,molluscs,0.03576961797570662,0.10117787566020248,62,62,7
bivalvia,ostreida,eutrophication_nutrient_pollution,molluscs,0.5646337507200698,0.01261501569283296,62,62,25
bivalvia,ostreida,inorganic_pollution,molluscs,0.5179475429497333,0.01313838671179387,62,62,25
bivalvia,ostreida,salinity,molluscs,0.4781588333519138,0.01875116371034496,62,62,25
bivalvia,ostreida,water_temp,molluscs,0.4049299268460707,0.01810850397430532,62,62,25
actinopterygii,ovalentaria incertae sedis,biomass_removal,fish,0.5859421605131152,0.02492555915073764,234,234,111
actinopterygii,ovalentaria incertae sedis,bycatch,fish,0.3671557829078729,0.05707259244542232,234,234,111
actinopterygii,ovalentaria incertae sedis,entanglement_macroplastic,fish,0.13355098700364776,0.03980867858396066,234,234,111
actinopterygii,ovalentaria incertae sedis,eutrophication_nutrient_pollution,fish,0.30709950654711876,0.08696324052257322,234,234,111
actinopterygii,ovalentaria incertae sedis,habitat_loss_degradation,fish,0.3088221517857703,0.05638239498401783,234,234,111
actinopterygii,ovalentaria incertae sedis,inorganic_pollution,fish,0.3118628517767209,0.04581810427929025,234,234,111
actinopterygii,ovalentaria incertae sedis,light_pollution,fish,0.1683301853178539,0.01892255077399843,234,234,111
actinopterygii,ovalentaria incertae sedis,oa,fish,0.27212923491929625,0.04047144359659587,234,234,111
actinopterygii,ovalentaria incertae sedis,oceanographic,fish,0.21121201229961337,0.08946162312530197,234,234,111
actinopterygii,ovalentaria incertae sedis,organic_pollution,fish,0.2870123828111462,0.06965574033194037,234,234,111
actinopterygii,ovalentaria incertae sedis,plastic_pollution_microplastic,fish,0.2992375446854976,0.02661681410534721,234,234,111
actinopterygii,ovalentaria incertae sedis,poisons_toxins,fish,0.27180667928782104,0.0615576080907045,234,234,111
actinopterygii,ovalentaria incertae sedis,salinity,fish,0.39111556917248547,0.03476556113211768,234,234,111
actinopterygii,ovalentaria incertae sedis,sedimentation,fish,0.2664809949604216,0.04759364183750797,234,234,111
actinopterygii,ovalentaria incertae sedis,slr,fish,0.1039164950232551,0.10048919529381824,234,234,111
actinopterygii,ovalentaria incertae sedis,storm_disturbance,fish,0.11259955244572908,0.03038917846025034,234,234,111
actinopterygii,ovalentaria incertae sedis,uv,fish,0.124035660490335,0.00445468070809079,234,234,111
actinopterygii,ovalentaria incertae sedis,water_temp,fish,0.3806500156281962,0.0878322860624411,234,234,111
actinopterygii,ovalentaria incertae sedis,wildlife_strike,fish,0.05003058501513056,0.13302065555162745,234,234,1
bivalvia,pectinida,eutrophication_nutrient_pollution,molluscs,0.5541332162015058,0.01193538127031065,37,37,24
bivalvia,pectinida,inorganic_pollution,molluscs,0.5088340710303942,0.0104132151776001,37,37,24
bivalvia,pectinida,salinity,molluscs,0.4693153147829302,0.02201469208923687,37,37,24
bivalvia,pectinida,water_temp,molluscs,0.3978442374460227,0.01601212603123223,37,37,24
aves,pelecaniformes,air_temp,seabirds,0.21525548444020556,0.05184063403484012,50,50,50
aves,pelecaniformes,biomass_removal,seabirds,0.7533315184188811,0.02923551923546945,50,50,50
aves,pelecaniformes,bycatch,seabirds,0.6940666489821202,0.07716400380375438,50,50,50
aves,pelecaniformes,entanglement_macroplastic,seabirds,0.43113082081141296,0.1335558340777703,50,50,50
aves,pelecaniformes,eutrophication_nutrient_pollution,seabirds,0.080057841621538,0.00218491011872148,50,50,50
aves,pelecaniformes,habitat_loss_degradation,seabirds,0.4332142412235117,0.01066269282212232,50,50,50
aves,pelecaniformes,inorganic_pollution,seabirds,0.18969598766821252,0.01291821532424812,50,50,50
aves,pelecaniformes,invasive_species,seabirds,0.5471351916623577,0.01537911881450103,50,50,50
aves,pelecaniformes,light_pollution,seabirds,0.504068061315128,0.01301396198565074,50,50,50
aves,pelecaniformes,noise_pollution,seabirds,0.3993955832357597,0.01088893429389401,50,50,50
aves,pelecaniformes,oa,seabirds,0.05864950898978239,0.00160222743560691,50,50,50
aves,pelecaniformes,organic_pollution,seabirds,0.29227297374182704,0.02455887757691995,50,50,50
aves,pelecaniformes,plastic_pollution_microplastic,seabirds,0.05753785202057661,0.00154220523224594,50,50,50
aves,pelecaniformes,poisons_toxins,seabirds,0.04054098152613056,0.00110583290775186,50,50,50
aves,pelecaniformes,sedimentation,seabirds,0.2213447480956276,0.02088600099119271,50,50,50
aves,pelecaniformes,slr,seabirds,0.5231239456612268,0.01401601246633686,50,50,50
aves,pelecaniformes,storm_disturbance,seabirds,0.42745471049813505,0.01206412924107996,50,50,50
aves,pelecaniformes,water_temp,seabirds,0.11092026978895345,0.0400175744805987,50,50,50
aves,pelecaniformes,wildlife_strike,seabirds,0.5068480224073485,0.03489156643820681,50,50,50
actinopterygii,perciformes,biomass_removal,fish,0.6431733972680724,0.01338568467084915,3237,3237,3068
actinopterygii,perciformes,bycatch,fish,0.3799974913484118,0.04967406139379791,3237,3237,3154
actinopterygii,perciformes,entanglement_macroplastic,fish,0.13109989252697724,0.04635144123452612,3237,3237,3154
actinopterygii,perciformes,eutrophication_nutrient_pollution,fish,0.3621302368026919,0.02776962140297912,3237,3237,3068
actinopterygii,perciformes,habitat_loss_degradation,fish,0.3111313443911821,0.00610476418376016,3237,3237,3068
actinopterygii,perciformes,inorganic_pollution,fish,0.37889507728225674,0.0226434096462091,3237,3237,3154
actinopterygii,perciformes,light_pollution,fish,0.10956918513223347,0.0777645229653119,3237,3237,3068
actinopterygii,perciformes,noise_pollution,fish,0.01863420275555113,0.02769138161953621,3237,3237,3066
actinopterygii,perciformes,oa,fish,0.294953804831688,0.00549743217576526,3237,3237,3068
actinopterygii,perciformes,oceanographic,fish,0.39437833801086625,0.07519804858149268,3237,3237,3068
actinopterygii,perciformes,organic_pollution,fish,0.3850404731175781,0.03045713904389756,3237,3237,3154
actinopterygii,perciformes,plastic_pollution_microplastic,fish,0.33623253401525816,0.01118027952602379,3237,3237,3068
actinopterygii,perciformes,poisons_toxins,fish,0.404413484540428,0.02322841817543739,3237,3237,3068
actinopterygii,perciformes,salinity,fish,0.3812761671329062,0.04739132110509539,3237,3237,3068
actinopterygii,perciformes,sedimentation,fish,0.3639359712170606,0.022482218635095,3237,3237,3154
actinopterygii,perciformes,slr,fish,0.04159696947538923,0.03385525221677429,3237,3237,3068
actinopterygii,perciformes,storm_disturbance,fish,0.10875040313770462,0.01893181222612163,3237,3237,3068
actinopterygii,perciformes,uv,fish,0.08388900006151961,0.05953544805730093,3237,3237,3068
actinopterygii,perciformes,water_temp,fish,0.3444345792988596,0.03748834234625994,3237,3237,3154
actinopterygii,perciformes,wildlife_strike,fish,0.00512494762440449,0.03176656221924439,3237,3237,87
polychaeta,phyllodocida,air_temp,polychaetes,0.11643982139722252,0.03189751936036197,840,840,840
polychaeta,phyllodocida,biomass_removal,polychaetes,0.8271644735068643,0.0106511952132601,840,840,840
polychaeta,phyllodocida,eutrophication_nutrient_pollution,polychaetes,0.15121310264760618,0.00142605771597514,840,840,840
polychaeta,phyllodocida,inorganic_pollution,polychaetes,0.22487214924998056,0.01854482649166362,840,840,840
polychaeta,phyllodocida,light_pollution,polychaetes,0.21471802870135645,0.00217329834012993,840,840,840
polychaeta,phyllodocida,oa,polychaetes,0.03336572297382386,3.145615894585101e-4,840,840,840
polychaeta,phyllodocida,oceanographic,polychaetes,0.2729599835321249,0.00351292366095491,840,840,840
polychaeta,phyllodocida,organic_pollution,polychaetes,0.3349636696668527,0.0276229182530368,840,840,840
polychaeta,phyllodocida,plastic_pollution_microplastic,polychaetes,0.49646367251406526,0.00430336680393793,840,840,840
polychaeta,phyllodocida,poisons_toxins,polychaetes,0.3732198773149484,0.00352140459752893,840,840,840
polychaeta,phyllodocida,salinity,polychaetes,0.22649578925626043,0.00219788417625041,840,840,840
polychaeta,phyllodocida,sedimentation,polychaetes,0.3732180889088242,0.00352187367178533,840,840,840
polychaeta,phyllodocida,slr,polychaetes,0.09436924075385748,9.755305376144256e-4,840,840,840
polychaeta,phyllodocida,storm_disturbance,polychaetes,0.13795883406763615,0.00133854161861812,840,840,840
polychaeta,phyllodocida,uv,polychaetes,0.16516182837410978,0.00170862834895234,840,840,840
polychaeta,phyllodocida,water_temp,polychaetes,0.2214777864628907,0.03050096199242737,840,840,840
actinopterygii,pleuronectiformes,biomass_removal,fish,0.6453878321018919,0.00882051199174836,794,794,756
actinopterygii,pleuronectiformes,bycatch,fish,0.39017391598985696,0.02590402385434306,794,794,756
actinopterygii,pleuronectiformes,entanglement_macroplastic,fish,0.1382068211552678,0.04671379374834508,794,794,756
actinopterygii,pleuronectiformes,eutrophication_nutrient_pollution,fish,0.360939329722656,0.0313379752009821,794,794,756
actinopterygii,pleuronectiformes,habitat_loss_degradation,fish,0.3119581482547794,0.00341377269431191,794,794,756
actinopterygii,pleuronectiformes,inorganic_pollution,fish,0.3876535491944069,0.02066701051300598,794,794,756
actinopterygii,pleuronectiformes,light_pollution,fish,0.13306622881164065,0.07415947634267087,794,794,756
actinopterygii,pleuronectiformes,oa,fish,0.29561937437564734,0.00332401466931214,794,794,756
actinopterygii,pleuronectiformes,oceanographic,fish,0.3904738091281623,0.08040159727093053,794,794,756
actinopterygii,pleuronectiformes,organic_pollution,fish,0.39724082276032074,0.03099199655623845,794,794,756
actinopterygii,pleuronectiformes,plastic_pollution_microplastic,fish,0.33583701980116937,0.00356286386536758,794,794,756
actinopterygii,pleuronectiformes,poisons_toxins,fish,0.40869680874541775,0.00459228505347647,794,794,756
actinopterygii,pleuronectiformes,salinity,fish,0.3718838867536874,0.0575157188734966,794,794,756
actinopterygii,pleuronectiformes,sedimentation,fish,0.367024838363079,0.00549030078543121,794,794,756
actinopterygii,pleuronectiformes,slr,fish,0.04700575757502825,0.03455098951356344,794,794,756
actinopterygii,pleuronectiformes,storm_disturbance,fish,0.1042832825837173,0.02146078854954956,794,794,756
actinopterygii,pleuronectiformes,uv,fish,0.10189267974858938,0.05682567922161252,794,794,756
actinopterygii,pleuronectiformes,water_temp,fish,0.35449976487129814,0.034034271923277,794,794,756
aves,procellariiformes,air_temp,seabirds,0.2380392835562747,0.04789202803912239,130,130,130
aves,procellariiformes,biomass_removal,seabirds,0.752560655001,0.02308162979417216,130,130,130
aves,procellariiformes,bycatch,seabirds,0.6678475581992016,0.07509581725351126,130,130,130
aves,procellariiformes,entanglement_macroplastic,seabirds,0.4283744127771684,0.1742616528953702,130,130,130
aves,procellariiformes,eutrophication_nutrient_pollution,seabirds,0.08439150779485402,0.00535147097077079,130,130,130
aves,procellariiformes,habitat_loss_degradation,seabirds,0.47238925026893974,0.04690431993432202,130,130,130
aves,procellariiformes,inorganic_pollution,seabirds,0.21480797436696455,0.02525996937494053,130,130,130
aves,procellariiformes,invasive_species,seabirds,0.5632142180436545,0.02215137881310338,130,130,130
aves,procellariiformes,light_pollution,seabirds,0.5449399671353037,0.0491589244477551,130,130,130
aves,procellariiformes,noise_pollution,seabirds,0.4209918340602199,0.02671048321828829,130,130,130
aves,procellariiformes,oa,seabirds,0.06182131897622712,0.00392314751051099,130,130,130
aves,procellariiformes,organic_pollution,seabirds,0.3274762384300729,0.06188347889920975,130,130,130
aves,procellariiformes,plastic_pollution_microplastic,seabirds,0.06178450072450606,0.00512964829760272,130,130,130
aves,procellariiformes,poisons_toxins,seabirds,0.04273193984761479,0.00270983567737655,130,130,130
aves,procellariiformes,sedimentation,seabirds,0.23997375206906404,0.02034034619786431,130,130,130
aves,procellariiformes,slr,seabirds,0.5616565303165619,0.04664099011009969,130,130,130
aves,procellariiformes,storm_disturbance,seabirds,0.4484249680760011,0.02632136243318891,130,130,130
aves,procellariiformes,water_temp,seabirds,0.1219198139928506,0.03712569730369772,130,130,130
aves,procellariiformes,wildlife_strike,seabirds,0.5233649027727095,0.05720607545525014,130,130,130
elasmobranchii,rajiformes,biomass_removal,elasmobranchs,0.910354133641348,0.03390677279988312,320,320,26
elasmobranchii,rajiformes,bycatch,elasmobranchs,0.6137554407039044,0.08647538233864287,320,320,246
elasmobranchii,rajiformes,entanglement_macroplastic,elasmobranchs,0.3052367779025022,0.16497497772431,320,320,246
elasmobranchii,rajiformes,eutrophication_nutrient_pollution,elasmobranchs,0.22777529354875933,0.00707383587550038,320,320,26
elasmobranchii,rajiformes,habitat_loss_degradation,elasmobranchs,0.4072994460299469,0.01131253220807737,320,320,26
elasmobranchii,rajiformes,inorganic_pollution,elasmobranchs,0.24415034803589225,0.02930893970061051,320,320,316
elasmobranchii,rajiformes,oa,elasmobranchs,0.04171635856610001,0.00129612997123366,320,320,26
elasmobranchii,rajiformes,oceanographic,elasmobranchs,0.29948003516273497,0.02015943804708885,320,320,26
elasmobranchii,rajiformes,organic_pollution,elasmobranchs,0.3850861623016481,0.04081627634627548,320,320,316
elasmobranchii,rajiformes,plastic_pollution_microplastic,elasmobranchs,0.2397002815848641,0.00706097801858686,320,320,26
elasmobranchii,rajiformes,poisons_toxins,elasmobranchs,0.29029464555184764,0.00959404846174392,320,320,26
elasmobranchii,rajiformes,salinity,elasmobranchs,0.20987753179897456,0.01350644631163497,320,320,26
elasmobranchii,rajiformes,sedimentation,elasmobranchs,0.21059108631098147,0.03009452512826792,320,320,246
elasmobranchii,rajiformes,slr,elasmobranchs,0.10152980991071432,0.00642716108780916,320,320,26
elasmobranchii,rajiformes,storm_disturbance,elasmobranchs,0.08500971938235004,0.00547069269245266,320,320,26
elasmobranchii,rajiformes,water_temp,elasmobranchs,0.08109178820434611,0.0339305728930714,320,320,306
elasmobranchii,rhinopristiformes,biomass_removal,elasmobranchs,0.8609897400464318,0.03568245974768655,85,85,69
elasmobranchii,rhinopristiformes,bycatch,elasmobranchs,0.5994181058229298,0.07881403297511423,85,85,78
elasmobranchii,rhinopristiformes,entanglement_macroplastic,elasmobranchs,0.3262759121238022,0.1571755800320659,85,85,78
elasmobranchii,rhinopristiformes,eutrophication_nutrient_pollution,elasmobranchs,0.20770263090924052,0.03806818494153344,85,85,69
elasmobranchii,rhinopristiformes,habitat_loss_degradation,elasmobranchs,0.3851014466902388,0.02838537127834957,85,85,69
elasmobranchii,rhinopristiformes,inorganic_pollution,elasmobranchs,0.2190708162893538,0.03551547471160676,85,85,80
elasmobranchii,rhinopristiformes,oa,elasmobranchs,0.03927533895096986,0.00294678352288516,85,85,69
elasmobranchii,rhinopristiformes,oceanographic,elasmobranchs,0.26300798137901055,0.07923086505240487,85,85,62
elasmobranchii,rhinopristiformes,organic_pollution,elasmobranchs,0.3565347176021777,0.04438241325684224,85,85,80
elasmobranchii,rhinopristiformes,plastic_pollution_microplastic,elasmobranchs,0.22658415831594225,0.01542664352843445,85,85,69
elasmobranchii,rhinopristiformes,poisons_toxins,elasmobranchs,0.26972104971131716,0.03147982708060407,85,85,69
elasmobranchii,rhinopristiformes,salinity,elasmobranchs,0.18561313439944835,0.05582800627415724,85,85,62
elasmobranchii,rhinopristiformes,sedimentation,elasmobranchs,0.19247717137838288,0.03455732895026557,85,85,78
elasmobranchii,rhinopristiformes,slr,elasmobranchs,0.090039359436098,0.02706693877007249,85,85,62
elasmobranchii,rhinopristiformes,storm_disturbance,elasmobranchs,0.07518309852506956,0.0226131813292185,85,85,62
elasmobranchii,rhinopristiformes,water_temp,elasmobranchs,0.18704231673282185,0.03727208544580624,85,85,71
anthozoa,scleractinia,biomass_removal,corals,0.6811062288811913,0.01905763805656134,288,288,88
anthozoa,scleractinia,bycatch,corals,0.13459302415943158,0.00376797928975506,288,288,88
anthozoa,scleractinia,eutrophication_nutrient_pollution,corals,0.5668272628432995,0.03951149131108407,288,288,288
anthozoa,scleractinia,habitat_loss_degradation,corals,0.6136091930408568,0.01717295635362605,288,288,88
anthozoa,scleractinia,inorganic_pollution,corals,0.3845946558905742,0.04104099115460681,288,288,288
anthozoa,scleractinia,light_pollution,corals,0.22476872595087255,0.00628941781640232,288,288,88
anthozoa,scleractinia,oa,corals,0.4297859162126572,0.02995248751777882,288,288,288
anthozoa,scleractinia,oceanographic,corals,0.4495323464264432,0.012584183231743,288,288,88
anthozoa,scleractinia,organic_pollution,corals,0.38746679381477306,0.04900931446255534,288,288,288
anthozoa,scleractinia,plastic_pollution_microplastic,corals,0.13267853369141935,0.0066865403030512,288,288,288
anthozoa,scleractinia,poisons_toxins,corals,0.3131098471210596,0.05688078717357466,288,288,288
anthozoa,scleractinia,salinity,corals,0.6036770942763653,0.03862221379394487,288,288,288
anthozoa,scleractinia,sedimentation,corals,0.3211211375664638,0.02237102182132903,288,288,288
anthozoa,scleractinia,slr,corals,0.3887898337675943,0.01088431523097869,288,288,88
anthozoa,scleractinia,storm_disturbance,corals,0.19986640346902357,0.01278855214650144,288,288,288
anthozoa,scleractinia,uv,corals,0.5725375740187929,0.0496669630398423,288,288,288
anthozoa,scleractinia,water_temp,corals,0.5384692751010484,0.02384770517468925,288,288,288
actinopterygii,scombriformes,biomass_removal,fish,0.6829756516425746,0.00829384162484997,16,16,1
actinopterygii,scombriformes,bycatch,fish,0.5439127353912416,0.00661414483921321,16,16,1
actinopterygii,scombriformes,entanglement_macroplastic,fish,0.4399205216723958,0.0264887689128438,16,16,1
actinopterygii,scombriformes,eutrophication_nutrient_pollution,fish,0.4080042856946737,0.04874498800466724,16,16,1
actinopterygii,scombriformes,habitat_loss_degradation,fish,0.32640514834523865,0.00317241998295548,16,16,1
actinopterygii,scombriformes,inorganic_pollution,fish,0.413571225306696,0.03273955926390996,16,16,1
actinopterygii,scombriformes,light_pollution,fish,0.18413581508723664,0.00183523502198805,16,16,1
actinopterygii,scombriformes,oa,fish,0.29889000262795856,0.02393618822613142,16,16,1
actinopterygii,scombriformes,oceanographic,fish,0.32595144326699005,0.09119379342128608,16,16,1
actinopterygii,scombriformes,organic_pollution,fish,0.4497055194947976,0.05348613300841192,16,16,1
actinopterygii,scombriformes,plastic_pollution_microplastic,fish,0.3487384257421625,0.02379881993817429,16,16,1
actinopterygii,scombriformes,poisons_toxins,fish,0.35400581551570304,0.03413055457896408,16,16,1
actinopterygii,scombriformes,salinity,fish,0.4504234255981954,0.03240752132264656,16,16,1
actinopterygii,scombriformes,sedimentation,fish,0.3565331544153253,0.07571669122285858,16,16,1
actinopterygii,scombriformes,slr,fish,0.08065413524355022,8.195354079283703e-4,16,16,1
actinopterygii,scombriformes,storm_disturbance,fish,0.2507681478601086,0.10517280273661322,16,16,1
actinopterygii,scombriformes,uv,fish,0.1532677207611182,0.01244375977185607,16,16,1
actinopterygii,scombriformes,water_temp,fish,0.3631162521286844,0.02798132274468736,16,16,1
actinopterygii,scombriformes,wildlife_strike,fish,0.21473919580237483,0.00474217826074484,16,16,1
cephalopoda,sepiida,inorganic_pollution,cephalopods,0.4629843079928674,0.0217046468866673,192,192,151
cephalopoda,sepiida,organic_pollution,cephalopods,0.4037205563489674,0.03129867023686965,192,192,151
cephalopoda,sepiida,water_temp,cephalopods,0.331643599084526,0.03036693770555307,192,192,151
echinoidea,spatangoida,biomass_removal,echinoderms,0.7016129408925621,0.01749147487373734,944,944,942
echinoidea,spatangoida,bycatch,echinoderms,0.4201231529581172,0.01046356033978448,944,944,942
echinoidea,spatangoida,entanglement_macroplastic,echinoderms,0.13965916942799853,0.00278776365929983,944,944,942
echinoidea,spatangoida,eutrophication_nutrient_pollution,echinoderms,0.39994064162149506,0.00810571872941983,944,944,942
echinoidea,spatangoida,habitat_loss_degradation,echinoderms,0.3613378423353572,0.04599347980555746,944,944,942
echinoidea,spatangoida,inorganic_pollution,echinoderms,0.35323220065329103,0.02189912225092363,944,944,942
echinoidea,spatangoida,light_pollution,echinoderms,0.11446165725033698,0.10800109113678812,944,944,942
echinoidea,spatangoida,oa,echinoderms,0.3647925186535874,0.02956264448253024,944,944,942
echinoidea,spatangoida,oceanographic,echinoderms,0.4630637903100275,0.01153478476515205,944,944,942
echinoidea,spatangoida,organic_pollution,echinoderms,0.3481385719676047,0.05082850028303234,944,944,942
echinoidea,spatangoida,plastic_pollution_microplastic,echinoderms,0.12327751768409644,0.08081964341074786,944,944,942
echinoidea,spatangoida,poisons_toxins,echinoderms,0.3294927979331179,0.09949296138204491,944,944,942
echinoidea,spatangoida,salinity,echinoderms,0.42366986054588823,0.00876594247788422,944,944,942
echinoidea,spatangoida,sedimentation,echinoderms,0.17616007267544953,0.06555494892389106,944,944,942
echinoidea,spatangoida,slr,echinoderms,0.08247991153604374,0.00170995614860395,944,944,942
echinoidea,spatangoida,storm_disturbance,echinoderms,0.09190895336733652,0.04392152992934289,944,944,942
echinoidea,spatangoida,uv,echinoderms,0.08782519886688463,0.0828911377294307,944,944,942
echinoidea,spatangoida,water_temp,echinoderms,0.5115501587809969,0.10151271581752336,944,944,942
actinopterygii,syngnathiformes,air_temp,fish,0.08657413814203993,0.0965233736743257,315,315,300
actinopterygii,syngnathiformes,biomass_removal,fish,0.6409254148186476,0.01066852354637765,315,315,300
actinopterygii,syngnathiformes,bycatch,fish,0.35036812285032576,0.0920719209860634,315,315,300
actinopterygii,syngnathiformes,entanglement_macroplastic,fish,0.11296591868727276,0.04549506816370587,315,315,300
actinopterygii,syngnathiformes,eutrophication_nutrient_pollution,fish,0.3469461794230739,0.04160088943372952,315,315,300
actinopterygii,syngnathiformes,habitat_loss_degradation,fish,0.31973382089972907,0.02281800588115461,315,315,300
actinopterygii,syngnathiformes,inorganic_pollution,fish,0.3742759736308494,0.02813907878848182,315,315,300
actinopterygii,syngnathiformes,noise_pollution,fish,0.03342592152033621,0.03997620396622385,315,315,300
actinopterygii,syngnathiformes,oa,fish,0.28592683206131847,0.01125999251507275,315,315,300
actinopterygii,syngnathiformes,oceanographic,fish,0.18413999104030132,0.07415260139002,315,315,300
actinopterygii,syngnathiformes,organic_pollution,fish,0.31347442703678796,0.02360792366023991,315,315,300
actinopterygii,syngnathiformes,plastic_pollution_microplastic,fish,0.1936890438216268,0.03469853795792696,315,315,300
actinopterygii,syngnathiformes,poisons_toxins,fish,0.2542945313660493,0.01360455531036395,315,315,300
actinopterygii,syngnathiformes,salinity,fish,0.35498210046656214,0.05368369712382813,315,315,300
actinopterygii,syngnathiformes,sedimentation,fish,0.27978600229143785,0.03441917240085855,315,315,300
actinopterygii,syngnathiformes,slr,fish,0.05790832579892902,0.03413604175765369,315,315,300
actinopterygii,syngnathiformes,storm_disturbance,fish,0.05524205381094581,0.02230781435192027,315,315,300
actinopterygii,syngnathiformes,water_temp,fish,0.26281964949974707,0.03539717697051944,315,315,300
actinopterygii,syngnathiformes,wildlife_strike,fish,0.08069813267297267,0.06405772392858768,315,315,300
reptilia,testudines,air_temp,reptiles,0.29841543146757593,0.03946144828154022,7,7,7
reptilia,testudines,biomass_removal,reptiles,0.6820822940266232,0.02679335438376934,7,7,7
reptilia,testudines,bycatch,reptiles,0.5853460209865634,0.05930005828720428,7,7,7
reptilia,testudines,entanglement_macroplastic,reptiles,0.4205600368573277,0.14085248354433605,7,7,7
reptilia,testudines,eutrophication_nutrient_pollution,reptiles,0.10207764917770631,0.01694624754334679,7,7,7
reptilia,testudines,habitat_loss_degradation,reptiles,0.589687140703062,0.07479952510699578,7,7,7
reptilia,testudines,inorganic_pollution,reptiles,0.2440481891037913,0.04090085386969211,7,7,7
reptilia,testudines,invasive_species,reptiles,0.6438760304494869,0.07398492493753762,7,7,7
reptilia,testudines,light_pollution,reptiles,0.6478945893555513,0.06801349596492107,7,7,7
reptilia,testudines,oa,reptiles,0.03563585081995764,0.00374081379690525,7,7,7
reptilia,testudines,organic_pollution,reptiles,0.3587174138543861,0.05422978814301697,7,7,7
reptilia,testudines,plastic_pollution_microplastic,reptiles,0.07161718854622708,0.00697940116262953,7,7,7
reptilia,testudines,poisons_toxins,reptiles,0.0492695614010657,0.00517654762365825,7,7,7
reptilia,testudines,sedimentation,reptiles,0.28525598872614494,0.04211466546140056,7,7,7
reptilia,testudines,slr,reptiles,0.6511150951700311,0.06349054971921002,7,7,7
reptilia,testudines,storm_disturbance,reptiles,0.14370534166402074,0.01400655619579019,7,7,7
reptilia,testudines,water_temp,reptiles,0.16247420151530018,0.03215539346959939,7,7,7
reptilia,testudines,wildlife_strike,reptiles,0.5895430232034665,0.06080574388419566,7,7,7
actinopterygii,tetraodontiformes,biomass_removal,fish,0.6156838552762423,0.00223021071687823,9,9,1
actinopterygii,tetraodontiformes,bycatch,fish,0.36866725590339217,0.00135153927342882,9,9,1
actinopterygii,tetraodontiformes,entanglement_macroplastic,fish,0.12560110683911152,3.753755722284279e-4,9,9,1
actinopterygii,tetraodontiformes,eutrophication_nutrient_pollution,fish,0.2393498580089185,0.02481420011033667,9,9,1
actinopterygii,tetraodontiformes,habitat_loss_degradation,fish,0.30030236639480656,8.784027300192417e-4,9,9,1
actinopterygii,tetraodontiformes,inorganic_pollution,fish,0.36332236572269433,0.00550256660120853,9,9,1
actinopterygii,tetraodontiformes,light_pollution,fish,0.16904473626680838,5.158317573490574e-4,9,9,1
actinopterygii,tetraodontiformes,noise_pollution,fish,0.339199293159291,0.00107899715305523,9,9,1
actinopterygii,tetraodontiformes,oa,fish,0.3124817226361146,9.514863745612826e-4,9,9,1
actinopterygii,tetraodontiformes,oceanographic,fish,0.02273385024356327,0.06430369490607857,9,9,1
actinopterygii,tetraodontiformes,organic_pollution,fish,0.33915642755180403,0.0085490569146342,9,9,1
actinopterygii,tetraodontiformes,plastic_pollution_microplastic,fish,0.3236569580321967,9.322342849548116e-4,9,9,1
actinopterygii,tetraodontiformes,poisons_toxins,fish,0.2750187299304266,8.266353215621936e-4,9,9,1
actinopterygii,tetraodontiformes,salinity,fish,0.30031271866773546,0.04555550452889239,9,9,1
actinopterygii,tetraodontiformes,sedimentation,fish,0.2750217890641761,8.343859870725226e-4,9,9,1
actinopterygii,tetraodontiformes,slr,fish,0.00826245333448448,0.0233704552504922,9,9,1
actinopterygii,tetraodontiformes,storm_disturbance,fish,0.11564821064022092,0.01753476573786053,9,9,1
actinopterygii,tetraodontiformes,uv,fish,0.12939672406575545,3.992066369233549e-4,9,9,1
actinopterygii,tetraodontiformes,water_temp,fish,0.3437013365401109,0.00968991958819596,9,9,1
elasmobranchii,torpediniformes,bycatch,elasmobranchs,0.5719672809339778,0.08879781155646914,70,70,25
elasmobranchii,torpediniformes,entanglement_macroplastic,elasmobranchs,0.21990456036726672,0.1477590072408816,70,70,25
elasmobranchii,torpediniformes,inorganic_pollution,elasmobranchs,0.23267105451748313,0.02671510274668987,70,70,69
elasmobranchii,torpediniformes,organic_pollution,elasmobranchs,0.34459149682012763,0.05626096232028962,70,70,69
elasmobranchii,torpediniformes,sedimentation,elasmobranchs,0.20523335728673492,0.02164536430838485,70,70,25
elasmobranchii,torpediniformes,water_temp,elasmobranchs,0.08135433505853466,0.03025926288871075,70,70,69
asteroidea,valvatida,air_temp,echinoderms,0.05872241007936529,0.071768293697193,986,986,963
asteroidea,valvatida,biomass_removal,echinoderms,0.719205807468496,0.04076662711769675,986,986,964
asteroidea,valvatida,bycatch,echinoderms,0.24869191106414737,0.12822107839785493,986,986,964
asteroidea,valvatida,entanglement_macroplastic,echinoderms,0.06090769586457383,0.05591648631579058,986,986,964
asteroidea,valvatida,eutrophication_nutrient_pollution,echinoderms,0.46625695425479824,0.05102352731517014,986,986,964
asteroidea,valvatida,habitat_loss_degradation,echinoderms,0.3538159208281564,0.03510188111363559,986,986,964
asteroidea,valvatida,inorganic_pollution,echinoderms,0.4170197608447219,0.03935570333630734,986,986,964
asteroidea,valvatida,light_pollution,echinoderms,0.15349388186053609,0.07455971193948595,986,986,964
asteroidea,valvatida,oa,echinoderms,0.37239309126163733,0.02329751785444851,986,986,964
asteroidea,valvatida,oceanographic,echinoderms,0.4746896977157983,0.02687666625633869,986,986,964
asteroidea,valvatida,organic_pollution,echinoderms,0.3514675323598168,0.03267470415670261,986,986,964
asteroidea,valvatida,plastic_pollution_microplastic,echinoderms,0.19494590460740271,0.04042555034178799,986,986,964
asteroidea,valvatida,poisons_toxins,echinoderms,0.3926331616278351,0.03430121058567406,986,986,964
asteroidea,valvatida,salinity,echinoderms,0.41202099276620874,0.01879861310949069,986,986,964
asteroidea,valvatida,sedimentation,echinoderms,0.3827615416592103,0.04970491972034877,986,986,964
asteroidea,valvatida,slr,echinoderms,0.08415677652885756,0.0039147145223093,986,986,964
asteroidea,valvatida,storm_disturbance,echinoderms,0.3082451436767029,0.01246017215437011,986,986,964
asteroidea,valvatida,uv,echinoderms,0.11982538841092324,0.05856586982660857,986,986,964
asteroidea,valvatida,water_temp,echinoderms,0.47474882063925544,0.05433977486283478,986,986,964
bivalvia,veneroida,eutrophication_nutrient_pollution,molluscs,0.5540633643738114,0.01050188137599397,2,2,1
bivalvia,veneroida,inorganic_pollution,molluscs,0.531197738374349,0.00778878912734463,2,2,1
bivalvia,veneroida,salinity,molluscs,0.4691176053986411,0.01904285493047361,2,2,1
bivalvia,veneroida,water_temp,molluscs,0.3627539171716476,0.01212776539474863,2,2,1
