class,order,family,genus,stressor,taxon,mean_vuln,sd_vuln,n_spp_known,n_spp,n_prob
actinopterygii,perciformes,serranidae,epinephelus,biomass_removal,fish,0.6588298777304841,0.015347147041694851,2,2,1
actinopterygii,perciformes,serranidae,epinephelus,bycatch,fish,0.46056213565880566,0.0728910851954255,2,2,1
actinopterygii,perciformes,serranidae,epinephelus,entanglement_macroplastic,fish,0.2670138221672485,0.13716597151333867,2,2,1
actinopterygii,perciformes,serranidae,epinephelus,eutrophication_nutrient_pollution,fish,0.3228282655773111,0.006110593294304923,2,2,1
actinopterygii,perciformes,serranidae,epinephelus,habitat_loss_degradation,fish,0.31441684716800794,0.005810663582342359,2,2,1
actinopterygii,perciformes,serranidae,epinephelus,inorganic_pollution,fish,0.4143253617559988,0.007400552707759818,2,2,1
actinopterygii,perciformes,serranidae,epinephelus,light_pollution,fish,0.17737745047234088,0.0033705354949860847,2,2,1
actinopterygii,perciformes,serranidae,epinephelus,oa,fish,0.2983295693476255,0.0056321531398147865,2,2,1
actinopterygii,perciformes,serranidae,epinephelus,oceanographic,fish,0.21744481555169795,0.005089782021737111,2,2,1
actinopterygii,perciformes,serranidae,epinephelus,organic_pollution,fish,0.4019165357450077,0.02041097971592181,2,2,1
actinopterygii,perciformes,serranidae,epinephelus,plastic_pollution_microplastic,fish,0.33793834847530624,0.00602331838893141,2,2,1
actinopterygii,perciformes,serranidae,epinephelus,poisons_toxins,fish,0.32940616570857073,0.00624194404554712,2,2,1
actinopterygii,perciformes,serranidae,epinephelus,salinity,fish,0.44852963779001637,0.008654522477272579,2,2,1
actinopterygii,perciformes,serranidae,epinephelus,sedimentation,fish,0.26790241714463187,0.01727259061560757,2,2,1
actinopterygii,perciformes,serranidae,epinephelus,slr,fish,0.07769504110554189,0.001497622314498147,2,2,1
actinopterygii,perciformes,serranidae,epinephelus,storm_disturbance,fish,0.11458397500748252,0.002097071073939699,2,2,1
actinopterygii,perciformes,serranidae,epinephelus,uv,fish,0.13164336159076634,0.0024834815646833106,2,2,1
actinopterygii,perciformes,serranidae,epinephelus,water_temp,fish,0.34758710791839653,0.007343945524082973,2,2,1
bivalvia,cardiida,cardiidae,tridacna,eutrophication_nutrient_pollution,molluscs,0.5141672317326127,0.013676917649192719,2,2,2
bivalvia,cardiida,cardiidae,tridacna,inorganic_pollution,molluscs,0.5342632346884524,0.011342571696709935,2,2,2
bivalvia,cardiida,cardiidae,tridacna,salinity,molluscs,0.4344850606119874,0.025197066046719868,2,2,2
bivalvia,cardiida,cardiidae,tridacna,water_temp,molluscs,0.3525341584169004,0.016749417726506906,2,2,2
bivalvia,mytilida,mytilidae,mytilus,air_temp,molluscs,0.27276383863151693,0.018050924838540802,4,4,4
bivalvia,mytilida,mytilidae,mytilus,eutrophication_nutrient_pollution,molluscs,0.5137923307128286,0.013735766069478765,4,4,4
bivalvia,mytilida,mytilidae,mytilus,inorganic_pollution,molluscs,0.5342414879330397,0.011238536262049502,4,4,4
bivalvia,mytilida,mytilidae,mytilus,salinity,molluscs,0.4346633474567467,0.025372338582448785,4,4,4
bivalvia,mytilida,mytilidae,mytilus,water_temp,molluscs,0.35243226033771996,0.01655770093048535,4,4,4
bivalvia,ostreida,margaritidae,pinctada,eutrophication_nutrient_pollution,molluscs,0.5141703888954726,0.013705757192316008,2,2,2
bivalvia,ostreida,margaritidae,pinctada,inorganic_pollution,molluscs,0.5343107778867372,0.011294073573955865,2,2,2
bivalvia,ostreida,margaritidae,pinctada,salinity,molluscs,0.4348231911793592,0.025236530577175436,2,2,2
bivalvia,ostreida,margaritidae,pinctada,water_temp,molluscs,0.3525695262463276,0.016564568828615255,2,2,2
bivalvia,ostreida,ostreidae,magallana,air_temp,molluscs,0.27275203992323976,0.017996741808074052,2,2,2
bivalvia,ostreida,ostreidae,magallana,eutrophication_nutrient_pollution,molluscs,0.5141136062335997,0.01384067724261243,2,2,2
bivalvia,ostreida,ostreidae,magallana,inorganic_pollution,molluscs,0.5343216114081404,0.01118394191490606,2,2,2
bivalvia,ostreida,ostreidae,magallana,salinity,molluscs,0.43491903557683415,0.025300599794816095,2,2,2
bivalvia,ostreida,ostreidae,magallana,water_temp,molluscs,0.35255420088507977,0.016516641676347543,2,2,2
bivalvia,ostreida,ostreidae,ostrea,air_temp,molluscs,0.27256563432268294,0.017991494214297268,2,2,2
bivalvia,ostreida,ostreidae,ostrea,eutrophication_nutrient_pollution,molluscs,0.5138897860043475,0.013749540453878653,2,2,2
bivalvia,ostreida,ostreidae,ostrea,inorganic_pollution,molluscs,0.5342108584344862,0.011154984852510074,2,2,2
bivalvia,ostreida,ostreidae,ostrea,salinity,molluscs,0.4349508234324164,0.02534523250935878,2,2,2
bivalvia,pectinida,pectinidae,pecten,eutrophication_nutrient_pollution,molluscs,0.5140248083201513,0.013756208832348965,2,2,2
bivalvia,pectinida,pectinidae,pecten,inorganic_pollution,molluscs,0.5342698258655006,0.011252601512288473,2,2,2
bivalvia,pectinida,pectinidae,pecten,salinity,molluscs,0.4346116377147938,0.025445035286818633,2,2,2
bivalvia,pectinida,pectinidae,pecten,water_temp,molluscs,0.3522221671429429,0.01649239496681724,2,2,2
cephalopoda,nautilida,nautilidae,nautilus,biomass_removal,cephalopods,0.7299702453008394,0.015274004797079922,3,3,1
cephalopoda,nautilida,nautilidae,nautilus,bycatch,cephalopods,0.4370664877297635,0.009126097447653556,3,3,1
cephalopoda,nautilida,nautilidae,nautilus,entanglement_macroplastic,cephalopods,0.14284907478219935,0.0023637736454120866,3,3,1
cephalopoda,nautilida,nautilidae,nautilus,eutrophication_nutrient_pollution,cephalopods,0.5012436444307733,0.008951907881422229,3,3,1
cephalopoda,nautilida,nautilidae,nautilus,habitat_loss_degradation,cephalopods,0.40053793620245715,0.007664983537355379,3,3,1
cephalopoda,nautilida,nautilidae,nautilus,inorganic_pollution,cephalopods,0.5288467209762124,0.010110734929078517,3,3,1
cephalopoda,nautilida,nautilidae,nautilus,noise_pollution,cephalopods,0.23414844060039677,0.004196134277499967,3,3,1
cephalopoda,nautilida,nautilidae,nautilus,oa,cephalopods,0.38239886473173945,0.0068638461428230145,3,3,1
cephalopoda,nautilida,nautilidae,nautilus,oceanographic,cephalopods,0.17177131374272217,0.0025730597022466063,3,3,1
cephalopoda,nautilida,nautilidae,nautilus,organic_pollution,cephalopods,0.44101456391470445,0.007927780421714483,3,3,1
cephalopoda,nautilida,nautilidae,nautilus,plastic_pollution_microplastic,cephalopods,0.19903534961003455,0.0034205761153594397,3,3,1
cephalopoda,nautilida,nautilidae,nautilus,poisons_toxins,cephalopods,0.28809869060726734,0.005173747960397936,3,3,1
cephalopoda,nautilida,nautilidae,nautilus,salinity,cephalopods,0.38067619953920795,0.006543174791604166,3,3,1
cephalopoda,nautilida,nautilidae,nautilus,sedimentation,cephalopods,0.3356190047923444,0.005974675886873541,3,3,1
cephalopoda,nautilida,nautilidae,nautilus,slr,cephalopods,0.08455931179309688,0.001454447050965719,3,3,1
cephalopoda,nautilida,nautilidae,nautilus,storm_disturbance,cephalopods,0.06589645352474484,0.001127866054262341,3,3,1
cephalopoda,nautilida,nautilidae,nautilus,water_temp,cephalopods,0.2207170856986242,0.0037716800787931043,3,3,1
cephalopoda,octopoda,octopodidae,abdopus,biomass_removal,cephalopods,0.6535436920188311,0.006000748826990517,7,7,4
cephalopoda,octopoda,octopodidae,abdopus,bycatch,cephalopods,0.3913488656863814,0.0036093819491477106,7,7,4
cephalopoda,octopoda,octopodidae,abdopus,entanglement_macroplastic,cephalopods,0.13079925481605637,9.687225559717399e-4,7,7,4
cephalopoda,octopoda,octopodidae,abdopus,eutrophication_nutrient_pollution,cephalopods,0.45535247865899187,0.015400794939687157,7,7,4
cephalopoda,octopoda,octopodidae,abdopus,habitat_loss_degradation,cephalopods,0.31239429615189573,0.0022792832864839143,7,7,4
cephalopoda,octopoda,octopodidae,abdopus,inorganic_pollution,cephalopods,0.4476306254158498,0.0172125002342583,7,7,4
cephalopoda,octopoda,octopodidae,abdopus,light_pollution,cephalopods,0.10427826728180005,0.08015630068165437,7,7,4
cephalopoda,octopoda,octopodidae,abdopus,noise_pollution,cephalopods,0.21286081903090076,0.0016882781309584575,7,7,4
cephalopoda,octopoda,octopodidae,abdopus,oa,cephalopods,0.3526374364508741,0.014374891399110353,7,7,4
cephalopoda,octopoda,octopodidae,abdopus,oceanographic,cephalopods,0.4313372744401093,0.003968356008411387,7,7,4
cephalopoda,octopoda,octopodidae,abdopus,organic_pollution,cephalopods,0.4290849569622876,0.02705909369165504,7,7,4
cephalopoda,octopoda,octopodidae,abdopus,plastic_pollution_microplastic,cephalopods,0.2718344803561842,0.08177209245755918,7,7,4
cephalopoda,octopoda,octopodidae,abdopus,poisons_toxins,cephalopods,0.36625348820814024,0.0580074295146584,7,7,4
cephalopoda,octopoda,octopodidae,abdopus,salinity,cephalopods,0.3845575319188575,0.022021987887994872,7,7,4
cephalopoda,octopoda,octopodidae,abdopus,sedimentation,cephalopods,0.3611475432168396,0.01867604387399235,7,7,4
cephalopoda,octopoda,octopodidae,abdopus,slr,cephalopods,0.07718443036928187,5.949772286909294e-4,7,7,4
cephalopoda,octopoda,octopodidae,abdopus,storm_disturbance,cephalopods,0.09319957540917977,0.02779084660289933,7,7,4
cephalopoda,octopoda,octopodidae,abdopus,uv,cephalopods,0.0827739323521097,0.06302375013933809,7,7,4
cephalopoda,octopoda,octopodidae,abdopus,water_temp,cephalopods,0.3988047739272133,0.04523476537328373,7,7,4
cephalopoda,octopoda,octopodidae,amphioctopus,biomass_removal,cephalopods,0.6505959679737993,0.004719928589178685,16,16,4
cephalopoda,octopoda,octopodidae,amphioctopus,bycatch,cephalopods,0.3895865544887744,0.0028407290140309988,16,16,4
cephalopoda,octopoda,octopodidae,amphioctopus,entanglement_macroplastic,cephalopods,0.1303239593003414,7.624489777086955e-4,16,16,4
cephalopoda,octopoda,octopodidae,amphioctopus,eutrophication_nutrient_pollution,cephalopods,0.4532679370580774,0.010290837008955408,16,16,4
cephalopoda,octopoda,octopodidae,amphioctopus,habitat_loss_degradation,cephalopods,0.31128505847658255,0.0017979890076275965,16,16,4
cephalopoda,octopoda,octopodidae,amphioctopus,inorganic_pollution,cephalopods,0.4384934259133661,0.01389818870664348,16,16,4
cephalopoda,octopoda,octopodidae,amphioctopus,light_pollution,cephalopods,0.14435196379437384,0.06322031973746027,16,16,4
cephalopoda,octopoda,octopodidae,amphioctopus,noise_pollution,cephalopods,0.21202349221983732,0.0013371115268263705,16,16,4
cephalopoda,octopoda,octopodidae,amphioctopus,oa,cephalopods,0.35327115451296726,0.009487465187908639,16,16,4
cephalopoda,octopoda,octopodidae,amphioctopus,oceanographic,cephalopods,0.42939106362170865,0.0031163593166356105,16,16,4
cephalopoda,octopoda,octopodidae,amphioctopus,organic_pollution,cephalopods,0.4360204205957259,0.018800753394122627,16,16,4
cephalopoda,octopoda,octopodidae,amphioctopus,plastic_pollution_microplastic,cephalopods,0.306370974309561,0.062401055512888874,16,16,4
cephalopoda,octopoda,octopodidae,amphioctopus,poisons_toxins,cephalopods,0.3888780104101404,0.04374543130063413,16,16,4
cephalopoda,octopoda,octopodidae,amphioctopus,salinity,cephalopods,0.3897713962355666,0.015366775730036532,16,16,4
cephalopoda,octopoda,octopodidae,amphioctopus,sedimentation,cephalopods,0.3642805082236494,0.01261709071850685,16,16,4
cephalopoda,octopoda,octopodidae,amphioctopus,slr,cephalopods,0.07689478586336365,4.6784144365964817e-4,16,16,4
cephalopoda,octopoda,octopodidae,amphioctopus,storm_disturbance,cephalopods,0.10445120374648394,0.020856318737184736,16,16,4
cephalopoda,octopoda,octopodidae,amphioctopus,uv,cephalopods,0.10924805278068637,0.04793380990585045,16,16,4
cephalopoda,octopoda,octopodidae,amphioctopus,water_temp,cephalopods,0.419546807368256,0.035327822413312206,16,16,4
cephalopoda,octopoda,octopodidae,callistoctopus,biomass_removal,cephalopods,0.6532835382173344,0.005950891345549058,11,11,3
cephalopoda,octopoda,octopodidae,callistoctopus,bycatch,cephalopods,0.3911884799926798,0.003565031870077475,11,11,3
cephalopoda,octopoda,octopodidae,callistoctopus,entanglement_macroplastic,cephalopods,0.1307557247159837,9.614245778182933e-4,11,11,3
cephalopoda,octopoda,octopodidae,callistoctopus,eutrophication_nutrient_pollution,cephalopods,0.45507668399851897,0.011046540968747673,11,11,3
cephalopoda,octopoda,octopodidae,callistoctopus,habitat_loss_degradation,cephalopods,0.3123082525590913,0.002262970313343229,11,11,3
cephalopoda,octopoda,octopodidae,callistoctopus,inorganic_pollution,cephalopods,0.44696294125416675,0.017906928648939564,11,11,3
cephalopoda,octopoda,octopodidae,callistoctopus,light_pollution,cephalopods,0.10545323964470564,0.08282026775827209,11,11,3
cephalopoda,octopoda,octopodidae,callistoctopus,noise_pollution,cephalopods,0.21278619636186027,0.0016836623993897236,11,11,3
cephalopoda,octopoda,octopodidae,callistoctopus,oa,cephalopods,0.35260134758365785,0.010011350046326566,11,11,3
cephalopoda,octopoda,octopodidae,callistoctopus,oceanographic,cephalopods,0.43117355343041053,0.003928592406736136,11,11,3
cephalopoda,octopoda,octopodidae,callistoctopus,organic_pollution,cephalopods,0.42926815420534503,0.021386551820031272,11,11,3
cephalopoda,octopoda,octopodidae,callistoctopus,plastic_pollution_microplastic,cephalopods,0.27337775642856005,0.07762243728358227,11,11,3
cephalopoda,octopoda,octopodidae,callistoctopus,poisons_toxins,cephalopods,0.3672493499700654,0.05324196493645661,11,11,3
cephalopoda,octopoda,octopodidae,callistoctopus,salinity,cephalopods,0.38478032272807694,0.017276977146804238,11,11,3
cephalopoda,octopoda,octopodidae,callistoctopus,sedimentation,cephalopods,0.36116037551396546,0.01375548593852689,11,11,3
cephalopoda,octopoda,octopodidae,callistoctopus,slr,cephalopods,0.07716170176648637,5.899646863901378e-4,11,11,3
cephalopoda,octopoda,octopodidae,callistoctopus,storm_disturbance,cephalopods,0.09363073436134402,0.025854279287494463,11,11,3
cephalopoda,octopoda,octopodidae,callistoctopus,uv,cephalopods,0.08095085204840108,0.06332410919297163,11,11,3
cephalopoda,octopoda,octopodidae,callistoctopus,water_temp,cephalopods,0.4001236574695078,0.044034526176118194,11,11,3
cephalopoda,octopoda,octopodidae,cistopus,biomass_removal,cephalopods,0.6528809490540277,0.005868580635649728,4,4,1
cephalopoda,octopoda,octopodidae,cistopus,bycatch,cephalopods,0.39094659864775627,0.003515045683381873,4,4,1
cephalopoda,octopoda,octopodidae,cistopus,entanglement_macroplastic,cephalopods,0.13069188351484815,9.450727864741155e-4,4,4,1
cephalopoda,octopoda,octopodidae,cistopus,eutrophication_nutrient_pollution,cephalopods,0.46534210845881224,0.016940068706535014,4,4,1
cephalopoda,octopoda,octopodidae,cistopus,habitat_loss_degradation,cephalopods,0.31214583988263667,0.0022318491480522546,4,4,1
cephalopoda,octopoda,octopodidae,cistopus,inorganic_pollution,cephalopods,0.4457178863096783,0.01773072530849561,4,4,1
cephalopoda,octopoda,octopodidae,cistopus,light_pollution,cephalopods,0.17608238290782285,0.0012913058916306458,4,4,1
cephalopoda,octopoda,octopodidae,cistopus,noise_pollution,cephalopods,0.21266505800026544,0.001654741027632582,4,4,1
cephalopoda,octopoda,octopodidae,cistopus,oa,cephalopods,0.364405766482032,0.013293860961251052,4,4,1
cephalopoda,octopoda,octopodidae,cistopus,oceanographic,cephalopods,0.43089460815820907,0.0038836979189833115,4,4,1
cephalopoda,octopoda,octopodidae,cistopus,organic_pollution,cephalopods,0.45392698375910157,0.015488267015456081,4,4,1
cephalopoda,octopoda,octopodidae,cistopus,plastic_pollution_microplastic,cephalopods,0.3460246278131128,0.015304612834533262,4,4,1
cephalopoda,octopoda,octopodidae,cistopus,poisons_toxins,cephalopods,0.4193448777623305,0.015240995668301066,4,4,1
cephalopoda,octopoda,octopodidae,cistopus,salinity,cephalopods,0.40490061546790074,0.013617914022367663,4,4,1
cephalopoda,octopoda,octopodidae,cistopus,sedimentation,cephalopods,0.3778337703250439,0.013743777605540968,4,4,1
cephalopoda,octopoda,octopodidae,cistopus,slr,cephalopods,0.07712026265137241,5.829336720253136e-4,4,4,1
cephalopoda,octopoda,octopodidae,cistopus,storm_disturbance,cephalopods,0.11885017726321515,0.007188907911133903,4,4,1
cephalopoda,octopoda,octopodidae,cistopus,uv,cephalopods,0.14265514733817786,0.01607740119855781,4,4,1
cephalopoda,octopoda,octopodidae,cistopus,water_temp,cephalopods,0.43866784494275035,0.0035812701780666193,4,4,1
cephalopoda,octopoda,octopodidae,octopus,biomass_removal,cephalopods,0.6539639048749155,0.006032370005532693,72,72,63
cephalopoda,octopoda,octopodidae,octopus,bycatch,cephalopods,0.39159114520633254,0.00362360803351096,72,72,63
cephalopoda,octopoda,octopodidae,octopus,entanglement_macroplastic,cephalopods,0.13086388438832727,9.784212754937978e-4,72,72,63
cephalopoda,octopoda,octopodidae,octopus,eutrophication_nutrient_pollution,cephalopods,0.4557427204192418,0.01879857514941262,72,72,63
cephalopoda,octopoda,octopodidae,octopus,habitat_loss_degradation,cephalopods,0.31256127133832584,0.0022931991934706823,72,72,63
cephalopoda,octopoda,octopodidae,octopus,inorganic_pollution,cephalopods,0.4267166350782012,0.015544368304617705,72,72,63
cephalopoda,octopoda,octopodidae,octopus,light_pollution,cephalopods,0.10050484144172378,0.07714813876360747,72,72,63
cephalopoda,octopoda,octopodidae,octopus,noise_pollution,cephalopods,0.21297017582893657,0.001706910237400658,72,72,63
cephalopoda,octopoda,octopodidae,octopus,oa,cephalopods,0.3526738504552027,0.017715295924332755,72,72,63
cephalopoda,octopoda,octopodidae,octopus,oceanographic,cephalopods,0.43161610719982785,0.003986299676815099,72,72,63
cephalopoda,octopoda,octopodidae,octopus,organic_pollution,cephalopods,0.3979255154863875,0.03133325616401422,72,72,63
cephalopoda,octopoda,octopodidae,octopus,plastic_pollution_microplastic,cephalopods,0.26727821535440965,0.08623105827544197,72,72,63
cephalopoda,octopoda,octopodidae,octopus,poisons_toxins,cephalopods,0.36277460148837987,0.06284133036652467,72,72,63
cephalopoda,octopoda,octopodidae,octopus,salinity,cephalopods,0.3838648915979418,0.026132995141610427,72,72,63
cephalopoda,octopoda,octopodidae,octopus,sedimentation,cephalopods,0.3607858757190923,0.02256476277230386,72,72,63
cephalopoda,octopoda,octopodidae,octopus,slr,cephalopods,0.07722908218480867,5.988570654767e-4,72,72,63
cephalopoda,octopoda,octopodidae,octopus,storm_disturbance,cephalopods,0.09198707161533418,0.02972817352397975,72,72,63
cephalopoda,octopoda,octopodidae,octopus,uv,cephalopods,0.0821860544023424,0.06334642212595915,72,72,63
cephalopoda,octopoda,octopodidae,octopus,water_temp,cephalopods,0.4273242972917923,0.046582797048478355,72,72,63
echinoidea,camarodonta,toxopneustidae,tripneustes,eutrophication_nutrient_pollution,echinoderms,0.4378910372430639,0.014019125530363472,2,2,2
echinoidea,camarodonta,toxopneustidae,tripneustes,inorganic_pollution,echinoderms,0.4647094246811499,0.016396139697665728,2,2,2
echinoidea,camarodonta,toxopneustidae,tripneustes,oa,echinoderms,0.42600790531335747,0.013534276788267657,2,2,2
echinoidea,camarodonta,toxopneustidae,tripneustes,organic_pollution,echinoderms,0.42444785472809127,0.01279935426600323,2,2,2
echinoidea,camarodonta,toxopneustidae,tripneustes,plastic_pollution_microplastic,echinoderms,0.2265231902089341,0.008872135714265298,2,2,2
echinoidea,camarodonta,toxopneustidae,tripneustes,poisons_toxins,echinoderms,0.37829253077843233,0.0120098071925781,2,2,2
echinoidea,camarodonta,toxopneustidae,tripneustes,salinity,echinoderms,0.4582035063302667,0.013308417983251762,2,2,2
echinoidea,camarodonta,toxopneustidae,tripneustes,sedimentation,echinoderms,0.2522228567322778,0.00809272532761457,2,2,2
elasmobranchii,carcharhiniformes,carcharhinidae,carcharhinus,bycatch,elasmobranchs,0.5681969989902015,0.079330970020801,35,35,34
elasmobranchii,carcharhiniformes,carcharhinidae,carcharhinus,entanglement_macroplastic,elasmobranchs,0.288344356902655,0.14058327304350304,35,35,34
elasmobranchii,carcharhiniformes,carcharhinidae,carcharhinus,inorganic_pollution,elasmobranchs,0.14720610265910974,0.024526755012177565,35,35,34
elasmobranchii,carcharhiniformes,carcharhinidae,carcharhinus,organic_pollution,elasmobranchs,0.23595668610274453,0.036727144842196344,35,35,34
elasmobranchii,carcharhiniformes,carcharhinidae,carcharhinus,sedimentation,elasmobranchs,0.15232622307332214,0.02787724122934545,35,35,34
elasmobranchii,carcharhiniformes,carcharhinidae,carcharhinus,wildlife_strike,elasmobranchs,0.17479071610540076,0.034434161561040115,35,35,34
elasmobranchii,carcharhiniformes,triakidae,triakis,biomass_removal,elasmobranchs,0.8675051688409205,0.010667930425258678,5,5,4
elasmobranchii,carcharhiniformes,triakidae,triakis,bycatch,elasmobranchs,0.622307758250875,0.08534546042061913,5,5,4
elasmobranchii,carcharhiniformes,triakidae,triakis,entanglement_macroplastic,elasmobranchs,0.3634449894632449,0.15955910811518542,5,5,4
elasmobranchii,carcharhiniformes,triakidae,triakis,eutrophication_nutrient_pollution,elasmobranchs,0.2172353041486168,0.002241339282231653,5,5,4
elasmobranchii,carcharhiniformes,triakidae,triakis,habitat_loss_degradation,elasmobranchs,0.38868584786533883,0.003569634151490721,5,5,4
elasmobranchii,carcharhiniformes,triakidae,triakis,inorganic_pollution,elasmobranchs,0.18745308719486978,0.014496066430220545,5,5,4
elasmobranchii,carcharhiniformes,triakidae,triakis,oa,elasmobranchs,0.03979231255526832,4.0788592374567156e-4,5,5,4
elasmobranchii,carcharhiniformes,triakidae,triakis,oceanographic,elasmobranchs,0.2862583442823206,0.0035048623775531334,5,5,4
elasmobranchii,carcharhiniformes,triakidae,triakis,organic_pollution,elasmobranchs,0.2982826431230366,0.019734898688574642,5,5,4
elasmobranchii,carcharhiniformes,triakidae,triakis,plastic_pollution_microplastic,elasmobranchs,0.2286793309304235,0.0022317533257532646,5,5,4
elasmobranchii,carcharhiniformes,triakidae,triakis,poisons_toxins,elasmobranchs,0.2767207955463443,0.0028412369332805674,5,5,4
elasmobranchii,carcharhiniformes,triakidae,triakis,salinity,elasmobranchs,0.2007963324855304,0.0021034458510050804,5,5,4
elasmobranchii,carcharhiniformes,triakidae,triakis,sedimentation,elasmobranchs,0.18842614091135026,0.026672235750993145,5,5,4
elasmobranchii,carcharhiniformes,triakidae,triakis,slr,elasmobranchs,0.09715827806630586,9.533781286561817e-4,5,5,4
elasmobranchii,carcharhiniformes,triakidae,triakis,storm_disturbance,elasmobranchs,0.08133083682892384,8.510945728192311e-4,5,5,4
elasmobranchii,myliobatiformes,myliobatidae,mobula,biomass_removal,elasmobranchs,0.9059845714131519,0.016752225348739474,11,11,1
elasmobranchii,myliobatiformes,myliobatidae,mobula,bycatch,elasmobranchs,0.7563730994409351,0.08686418601589299,11,11,1
elasmobranchii,myliobatiformes,myliobatidae,mobula,entanglement_macroplastic,elasmobranchs,0.5427952869339199,0.07374979089658938,11,11,1
elasmobranchii,myliobatiformes,myliobatidae,mobula,eutrophication_nutrient_pollution,elasmobranchs,0.22524080166220584,0.0034397652947103867,11,11,1
elasmobranchii,myliobatiformes,myliobatidae,mobula,habitat_loss_degradation,elasmobranchs,0.4013972247793605,0.005434784633815464,11,11,1
elasmobranchii,myliobatiformes,myliobatidae,mobula,inorganic_pollution,elasmobranchs,0.18192535141811156,0.0026998466736416426,11,11,1
elasmobranchii,myliobatiformes,myliobatidae,mobula,oa,elasmobranchs,0.04125503942262183,6.281723872276348e-4,11,11,1
elasmobranchii,myliobatiformes,myliobatidae,mobula,oceanographic,elasmobranchs,0.2989774579870979,0.005532692425125141,11,11,1
elasmobranchii,myliobatiformes,myliobatidae,mobula,organic_pollution,elasmobranchs,0.3321334130848853,0.020883727496537705,11,11,1
elasmobranchii,myliobatiformes,myliobatidae,mobula,plastic_pollution_microplastic,elasmobranchs,0.23663493152339837,0.0034062221984077212,11,11,1
elasmobranchii,myliobatiformes,myliobatidae,mobula,poisons_toxins,elasmobranchs,0.286886968432673,0.004379597592982429,11,11,1
elasmobranchii,myliobatiformes,myliobatidae,mobula,salinity,elasmobranchs,0.20831906727843943,0.003236482660863862,11,11,1
elasmobranchii,myliobatiformes,myliobatidae,mobula,sedimentation,elasmobranchs,0.17282439586175743,0.002632888573263899,11,11,1
elasmobranchii,myliobatiformes,myliobatidae,mobula,slr,elasmobranchs,0.15758093321474298,0.12239141400702173,11,11,1
elasmobranchii,myliobatiformes,myliobatidae,mobula,storm_disturbance,elasmobranchs,0.10019958771399734,0.03483877709823447,11,11,1
elasmobranchii,myliobatiformes,myliobatidae,mobula,water_temp,elasmobranchs,0.007810593285570802,0.016569819531334087,11,11,1
elasmobranchii,myliobatiformes,myliobatidae,mobula,wildlife_strike,elasmobranchs,0.3335898463434961,0.11588992629901888,11,11,1
elasmobranchii,rajiformes,rajidae,zearaja,bycatch,elasmobranchs,0.6014058701977016,0.07996004056724589,3,3,2
elasmobranchii,rajiformes,rajidae,zearaja,entanglement_macroplastic,elasmobranchs,0.28252554520579243,0.1564133366715622,3,3,2
elasmobranchii,rajiformes,rajidae,zearaja,inorganic_pollution,elasmobranchs,0.21315107129652985,0.02733605969679543,3,3,2
elasmobranchii,rajiformes,rajidae,zearaja,organic_pollution,elasmobranchs,0.3112599426531204,0.02101891012219387,3,3,2
elasmobranchii,rajiformes,rajidae,zearaja,sedimentation,elasmobranchs,0.23026388903344272,0.04881593633387562,3,3,2
elasmobranchii,squaliformes,somniosidae,somniosus,biomass_removal,elasmobranchs,0.8643211448021045,0.010746725706605367,5,5,4
elasmobranchii,squaliformes,somniosidae,somniosus,bycatch,elasmobranchs,0.6203227830124257,0.08263126970964747,5,5,4
elasmobranchii,squaliformes,somniosidae,somniosus,entanglement_macroplastic,elasmobranchs,0.36203154060547293,0.15801040623661808,5,5,4
elasmobranchii,squaliformes,somniosidae,somniosus,eutrophication_nutrient_pollution,elasmobranchs,0.21661320890751845,0.002252924317331461,5,5,4
elasmobranchii,squaliformes,somniosidae,somniosus,habitat_loss_degradation,elasmobranchs,0.3876208416477762,0.0036033431934459096,5,5,4
elasmobranchii,squaliformes,somniosidae,somniosus,inorganic_pollution,elasmobranchs,0.1870128916358029,0.015139071146897169,5,5,4
elasmobranchii,squaliformes,somniosidae,somniosus,noise_pollution,elasmobranchs,0.18099882334190032,0.0018668601209485688,5,5,4
elasmobranchii,squaliformes,somniosidae,somniosus,oa,elasmobranchs,0.0396776299367029,4.141415924822967e-4,5,5,4
elasmobranchii,squaliformes,somniosidae,somniosus,oceanographic,elasmobranchs,0.28523634574364626,0.003552681066281546,5,5,4
elasmobranchii,squaliformes,somniosidae,somniosus,organic_pollution,elasmobranchs,0.29741295316848476,0.018687214570107132,5,5,4
elasmobranchii,squaliformes,somniosidae,somniosus,plastic_pollution_microplastic,elasmobranchs,0.22801919791149908,0.0022369246640311304,5,5,4
elasmobranchii,squaliformes,somniosidae,somniosus,poisons_toxins,elasmobranchs,0.2758776805211993,0.0028758741285398897,5,5,4
elasmobranchii,squaliformes,somniosidae,somniosus,salinity,elasmobranchs,0.200184564964595,0.0021219496948203707,5,5,4
elasmobranchii,squaliformes,somniosidae,somniosus,sedimentation,elasmobranchs,0.18818407250198474,0.027257908851425,5,5,4
elasmobranchii,squaliformes,somniosidae,somniosus,slr,elasmobranchs,0.0968820540741739,9.614768917365954e-4,5,5,4
elasmobranchii,squaliformes,somniosidae,somniosus,storm_disturbance,elasmobranchs,0.08107321394714775,8.578283665337473e-4,5,5,4
gastropoda,lepetellida,haliotidae,haliotis,air_temp,molluscs,0.3419137954501267,0.02267623360824359,3,3,3
gastropoda,lepetellida,haliotidae,haliotis,eutrophication_nutrient_pollution,molluscs,0.4267744094709571,0.021266475237528965,3,3,3
gastropoda,lepetellida,haliotidae,haliotis,inorganic_pollution,molluscs,0.46098814165851854,0.021937141978143712,3,3,3
gastropoda,lepetellida,haliotidae,haliotis,salinity,molluscs,0.3803745057696466,0.028530911356397872,3,3,3
gastropoda,lepetellida,haliotidae,haliotis,water_temp,molluscs,0.3903802895148287,0.018140678018443226,3,3,3
holothuroidea,holothuriida,holothuriidae,holothuria,biomass_removal,echinoderms,0.6845609633040678,0.021460320006085325,3,3,1
holothuroidea,holothuriida,holothuriidae,holothuria,bycatch,echinoderms,0.4099146322798097,0.012845098906117158,3,3,1
holothuroidea,holothuriida,holothuriidae,holothuria,entanglement_macroplastic,echinoderms,0.13574567452404337,0.0033849912272993004,3,3,1
holothuroidea,holothuriida,holothuriidae,holothuria,eutrophication_nutrient_pollution,echinoderms,0.5063924924956112,0.027714328764863294,3,3,1
holothuroidea,holothuriida,holothuriidae,holothuria,habitat_loss_degradation,echinoderms,0.3775242644773004,0.009273622589072411,3,3,1
holothuroidea,holothuriida,holothuriidae,holothuria,inorganic_pollution,echinoderms,0.4954312201825232,0.028343034025753843,3,3,1
holothuroidea,holothuriida,holothuriidae,holothuria,light_pollution,echinoderms,0.18297694181461546,0.004632005780062454,3,3,1
holothuroidea,holothuriida,holothuriidae,holothuria,oa,echinoderms,0.374351639191262,0.025206769665283395,3,3,1
holothuroidea,holothuriida,holothuriidae,holothuria,oceanographic,echinoderms,0.4518492451499982,0.014125609801502634,3,3,1
holothuroidea,holothuriida,holothuriidae,holothuria,organic_pollution,echinoderms,0.41387157014229936,0.021296697311938784,3,3,1
holothuroidea,holothuriida,holothuriidae,holothuria,plastic_pollution_microplastic,echinoderms,0.22022456552021288,0.013309193005112145,3,3,1
holothuroidea,holothuriida,holothuriidae,holothuria,poisons_toxins,echinoderms,0.3683031404626805,0.020144627154387352,3,3,1
holothuroidea,holothuriida,holothuriidae,holothuria,salinity,echinoderms,0.4464056349408913,0.023480531394604494,3,3,1
holothuroidea,holothuriida,holothuriidae,holothuria,sedimentation,echinoderms,0.36831380477483194,0.020137066475895124,3,3,1
holothuroidea,holothuriida,holothuriidae,holothuria,slr,echinoderms,0.08020919433296744,0.00207360746829356,3,3,1
holothuroidea,holothuriida,holothuriidae,holothuria,storm_disturbance,echinoderms,0.29698522329964344,0.007240560019132871,3,3,1
holothuroidea,holothuriida,holothuriidae,holothuria,uv,echinoderms,0.1357430912868179,0.0033889126458367977,3,3,1
holothuroidea,holothuriida,holothuriidae,holothuria,water_temp,echinoderms,0.5550503762954343,0.015723178863850742,3,3,1
mammalia,cetartiodactyla,balaenidae,eubalaena,biomass_removal,marine_mammals,0.7702315863385049,0.06503031325426861,3,3,1
mammalia,cetartiodactyla,balaenidae,eubalaena,bycatch,marine_mammals,0.7702331499006156,0.06503455689342959,3,3,1
mammalia,cetartiodactyla,balaenidae,eubalaena,entanglement_macroplastic,marine_mammals,0.6664677093050702,0.1284313416263056,3,3,1
mammalia,cetartiodactyla,balaenidae,eubalaena,eutrophication_nutrient_pollution,marine_mammals,0.13972431754439435,0.021249589969421077,3,3,1
mammalia,cetartiodactyla,balaenidae,eubalaena,habitat_loss_degradation,marine_mammals,0.5092170309783906,0.062098964500802926,3,3,1
mammalia,cetartiodactyla,balaenidae,eubalaena,inorganic_pollution,marine_mammals,0.10970659555978456,0.02831237397846651,3,3,1
mammalia,cetartiodactyla,balaenidae,eubalaena,noise_pollution,marine_mammals,0.524123344673687,0.0797235579425779,3,3,1
mammalia,cetartiodactyla,balaenidae,eubalaena,oa,marine_mammals,0.03848489944124569,0.005851006154733702,3,3,1
mammalia,cetartiodactyla,balaenidae,eubalaena,oceanographic,marine_mammals,0.20771242389026007,0.05069587658502171,3,3,1
mammalia,cetartiodactyla,balaenidae,eubalaena,organic_pollution,marine_mammals,0.31357434416091784,0.0493850589418131,3,3,1
mammalia,cetartiodactyla,balaenidae,eubalaena,plastic_pollution_microplastic,marine_mammals,0.07488876730907257,0.013073539332643602,3,3,1
mammalia,cetartiodactyla,balaenidae,eubalaena,poisons_toxins,marine_mammals,0.05320069450968076,0.008089035966131142,3,3,1
mammalia,cetartiodactyla,balaenidae,eubalaena,salinity,marine_mammals,0.18550870249254817,0.03239321569147607,3,3,1
mammalia,cetartiodactyla,balaenidae,eubalaena,slr,marine_mammals,0.3886489916947042,0.06789462661139656,3,3,1
mammalia,cetartiodactyla,balaenidae,eubalaena,storm_disturbance,marine_mammals,0.3005757112732943,0.052505775551651646,3,3,1
mammalia,cetartiodactyla,balaenidae,eubalaena,water_temp,marine_mammals,0.12634554997981454,0.07544785302959978,3,3,1
mammalia,cetartiodactyla,balaenidae,eubalaena,wildlife_strike,marine_mammals,0.6996770886000632,0.10639260467088031,3,3,1
mammalia,cetartiodactyla,balaenopteridae,balaenoptera,biomass_removal,marine_mammals,0.7377292757607906,0.06478536929169756,6,6,1
mammalia,cetartiodactyla,balaenopteridae,balaenoptera,bycatch,marine_mammals,0.7377067965057955,0.0647906911432902,6,6,1
mammalia,cetartiodactyla,balaenopteridae,balaenoptera,entanglement_macroplastic,marine_mammals,0.5296434413202441,0.06505170657759789,6,6,1
mammalia,cetartiodactyla,balaenopteridae,balaenoptera,habitat_loss_degradation,marine_mammals,0.3727867199822956,0.0595582366836836,6,6,1
mammalia,cetartiodactyla,balaenopteridae,balaenoptera,inorganic_pollution,marine_mammals,0.11066317619201384,0.044579604199932184,6,6,1
mammalia,cetartiodactyla,balaenopteridae,balaenoptera,noise_pollution,marine_mammals,0.44271202053943587,0.04628864080937887,6,6,1
mammalia,cetartiodactyla,balaenopteridae,balaenoptera,oa,marine_mammals,0.0378507875810689,0.012233158765176756,6,6,1
mammalia,cetartiodactyla,balaenopteridae,balaenoptera,organic_pollution,marine_mammals,0.2802165907744396,0.07496358415024008,6,6,1
mammalia,cetartiodactyla,balaenopteridae,balaenoptera,plastic_pollution_microplastic,marine_mammals,0.06111648558216032,0.007001452884354755,6,6,1
mammalia,cetartiodactyla,balaenopteridae,balaenoptera,poisons_toxins,marine_mammals,0.04494059549807307,0.004701301789594255,6,6,1
mammalia,cetartiodactyla,balaenopteridae,balaenoptera,slr,marine_mammals,0.30304425911343896,0.04044824299280461,6,6,1
mammalia,cetartiodactyla,balaenopteridae,balaenoptera,storm_disturbance,marine_mammals,0.24026661327602172,0.029982305491437905,6,6,1
mammalia,cetartiodactyla,balaenopteridae,balaenoptera,water_temp,marine_mammals,0.07739191600606178,0.054696166723387514,6,6,1
mammalia,cetartiodactyla,balaenopteridae,balaenoptera,wildlife_strike,marine_mammals,0.5910003938141322,0.06178238314649831,6,6,1
mammalia,cetartiodactyla,delphinidae,stenella,biomass_removal,marine_mammals,0.7600485513452305,0.09027134370630385,5,5,4
mammalia,cetartiodactyla,delphinidae,stenella,bycatch,marine_mammals,0.7601035135234363,0.09028390053768559,5,5,4
mammalia,cetartiodactyla,delphinidae,stenella,entanglement_macroplastic,marine_mammals,0.6771220636154561,0.1576232924663218,5,5,4
mammalia,cetartiodactyla,delphinidae,stenella,eutrophication_nutrient_pollution,marine_mammals,0.21141140202479397,0.04078146445587318,5,5,4
mammalia,cetartiodactyla,delphinidae,stenella,habitat_loss_degradation,marine_mammals,0.4039618977066699,0.09688316242453705,5,5,4
mammalia,cetartiodactyla,delphinidae,stenella,inorganic_pollution,marine_mammals,0.2165018054506546,0.059766578924162435,5,5,4
mammalia,cetartiodactyla,delphinidae,stenella,light_pollution,marine_mammals,0.22493996354693965,0.05080874185102566,5,5,4
mammalia,cetartiodactyla,delphinidae,stenella,noise_pollution,marine_mammals,0.5273736363048878,0.10167575776715329,5,5,4
mammalia,cetartiodactyla,delphinidae,stenella,oa,marine_mammals,0.09805353793324234,0.04101457447261369,5,5,4
mammalia,cetartiodactyla,delphinidae,stenella,oceanographic,marine_mammals,0.11483924823338151,0.14066418011067272,5,5,1
mammalia,cetartiodactyla,delphinidae,stenella,organic_pollution,marine_mammals,0.3980215613788569,0.009401652586242981,5,5,4
mammalia,cetartiodactyla,delphinidae,stenella,plastic_pollution_microplastic,marine_mammals,0.07575965437815518,0.01629341188049411,5,5,4
mammalia,cetartiodactyla,delphinidae,stenella,poisons_toxins,marine_mammals,0.05352430240099583,0.010328667198811916,5,5,4
mammalia,cetartiodactyla,delphinidae,stenella,salinity,marine_mammals,0.09483023686274712,0.11615530905200047,5,5,1
mammalia,cetartiodactyla,delphinidae,stenella,sedimentation,marine_mammals,0.2171628628363152,0.013888584086464473,5,5,4
mammalia,cetartiodactyla,delphinidae,stenella,slr,marine_mammals,0.442465329685551,0.14494592435162665,5,5,4
mammalia,cetartiodactyla,delphinidae,stenella,storm_disturbance,marine_mammals,0.273294541046765,0.09053769665370066,5,5,4
mammalia,cetartiodactyla,delphinidae,stenella,water_temp,marine_mammals,0.1120687079326077,0.057762945300341415,5,5,4
mammalia,cetartiodactyla,delphinidae,stenella,wildlife_strike,marine_mammals,0.7039872305607938,0.13583721087067216,5,5,4
myxini,myxiniformes,myxinidae,eptatretus,biomass_removal,fish,0.6253329544366031,0.007922332278135632,2,2,2
myxini,myxiniformes,myxinidae,eptatretus,bycatch,fish,0.3743831444512491,0.004762196676142174,2,2,2
myxini,myxiniformes,myxinidae,eptatretus,entanglement_macroplastic,fish,0.12620626689159353,0.001288990286865737,2,2,2
myxini,myxiniformes,myxinidae,eptatretus,eutrophication_nutrient_pollution,fish,0.08211646713959335,9.165884571838208e-4,2,2,2
myxini,myxiniformes,myxinidae,eptatretus,habitat_loss_degradation,fish,0.30158036195429233,0.003082585606219955,2,2,2
myxini,myxiniformes,myxinidae,eptatretus,inorganic_pollution,fish,0.2233973994856576,0.0024341517050912856,2,2,2
myxini,myxiniformes,myxinidae,eptatretus,oa,fish,0.030077990683688504,3.351682613424136e-4,2,2,2
myxini,myxiniformes,myxinidae,eptatretus,organic_pollution,fish,0.30245503861166534,0.0031537943191446522,2,2,2
myxini,myxiniformes,myxinidae,eptatretus,plastic_pollution_microplastic,fish,0.1750844249733165,0.0018735491561402702,2,2,2
myxini,myxiniformes,myxinidae,eptatretus,poisons_toxins,fish,0.2091608271190214,0.002330812200954258,2,2,2
myxini,myxiniformes,myxinidae,eptatretus,sedimentation,fish,0.16756724549590257,0.001856572886693685,2,2,2
myxini,myxiniformes,myxinidae,eptatretus,water_temp,fish,0.029799182386253786,3.4296405634458906e-4,2,2,2
ophiuroidea,ophiacanthida,ophiocomidae,breviturma,biomass_removal,echinoderms,0.6932408927066831,0.006775541809565911,6,6,6
ophiuroidea,ophiacanthida,ophiocomidae,breviturma,bycatch,echinoderms,0.13698882239776022,0.0013385259539965763,6,6,6
ophiuroidea,ophiacanthida,ophiocomidae,breviturma,eutrophication_nutrient_pollution,echinoderms,0.5259262650810209,0.003929534692883766,6,6,6
ophiuroidea,ophiacanthida,ophiocomidae,breviturma,habitat_loss_degradation,echinoderms,0.3813339535371104,0.002947123574836481,6,6,6
ophiuroidea,ophiacanthida,ophiocomidae,breviturma,inorganic_pollution,echinoderms,0.4876842640064342,0.003520712172950604,6,6,6
ophiuroidea,ophiacanthida,ophiocomidae,breviturma,light_pollution,echinoderms,0.1848853314515281,0.0014618710081965908,6,6,6
ophiuroidea,ophiacanthida,ophiocomidae,breviturma,oa,echinoderms,0.409363010568681,0.003041895823918865,6,6,6
ophiuroidea,ophiacanthida,ophiocomidae,breviturma,oceanographic,echinoderms,0.4575259477872481,0.0044902508864802055,6,6,6
ophiuroidea,ophiacanthida,ophiocomidae,breviturma,organic_pollution,echinoderms,0.40888215597856403,0.0028829061673215483,6,6,6
ophiuroidea,ophiacanthida,ophiocomidae,breviturma,plastic_pollution_microplastic,echinoderms,0.4337087868308173,0.0029797989753390488,6,6,6
ophiuroidea,ophiacanthida,ophiocomidae,breviturma,poisons_toxins,echinoderms,0.5259497950706974,0.003916036343675467,6,6,6
ophiuroidea,ophiacanthida,ophiocomidae,breviturma,salinity,echinoderms,0.44163035447583177,0.0033562315901753594,6,6,6
ophiuroidea,ophiacanthida,ophiocomidae,breviturma,sedimentation,echinoderms,0.5259428184297491,0.0039125342814352515,6,6,6
ophiuroidea,ophiacanthida,ophiocomidae,breviturma,storm_disturbance,echinoderms,0.29994909652540364,0.0022801077651205524,6,6,6
ophiuroidea,ophiacanthida,ophiocomidae,breviturma,uv,echinoderms,0.13713422375332582,0.0010693750711564696,6,6,6
ophiuroidea,ophiacanthida,ophiocomidae,breviturma,water_temp,echinoderms,0.5614670680592038,0.004966219584733641,6,6,6
ophiuroidea,ophiacanthida,ophiocomidae,ophiocoma,biomass_removal,echinoderms,0.6932777699765281,0.006784333531907801,4,4,4
ophiuroidea,ophiacanthida,ophiocomidae,ophiocoma,bycatch,echinoderms,0.13697698224377278,0.0013463174779946641,4,4,4
ophiuroidea,ophiacanthida,ophiocomidae,ophiocoma,eutrophication_nutrient_pollution,echinoderms,0.5259822910817158,0.0039002705790702596,4,4,4
ophiuroidea,ophiacanthida,ophiocomidae,ophiocoma,habitat_loss_degradation,echinoderms,0.3813183385949331,0.002928664621210622,4,4,4
ophiuroidea,ophiacanthida,ophiocomidae,ophiocoma,inorganic_pollution,echinoderms,0.48242135675048486,0.009693723177685567,4,4,4
ophiuroidea,ophiacanthida,ophiocomidae,ophiocoma,light_pollution,echinoderms,0.18490361687102586,0.0014691182960236216,4,4,4
ophiuroidea,ophiacanthida,ophiocomidae,ophiocoma,oa,echinoderms,0.4093324213907946,0.0030111733318230007,4,4,4
ophiuroidea,ophiacanthida,ophiocomidae,ophiocoma,oceanographic,echinoderms,0.4003841811854661,0.09914613765856652,4,4,4
ophiuroidea,ophiacanthida,ophiocomidae,ophiocoma,organic_pollution,echinoderms,0.4016398194869934,0.012830578856318636,4,4,4
ophiuroidea,ophiacanthida,ophiocomidae,ophiocoma,plastic_pollution_microplastic,echinoderms,0.4337148719170306,0.002985397696015263,4,4,4
ophiuroidea,ophiacanthida,ophiocomidae,ophiocoma,poisons_toxins,echinoderms,0.5159535811751091,0.01772302708732569,4,4,4
ophiuroidea,ophiacanthida,ophiocomidae,ophiocoma,salinity,echinoderms,0.4416522341316123,0.003383346523499361,4,4,4
ophiuroidea,ophiacanthida,ophiocomidae,ophiocoma,sedimentation,echinoderms,0.5156271194362618,0.018244563029924946,4,4,4
ophiuroidea,ophiacanthida,ophiocomidae,ophiocoma,storm_disturbance,echinoderms,0.2999357079806234,0.002278149109018963,4,4,4
ophiuroidea,ophiacanthida,ophiocomidae,ophiocoma,uv,echinoderms,0.1371387682498667,0.001074796033300204,4,4,4
ophiuroidea,ophiacanthida,ophiocomidae,ophiocoma,water_temp,echinoderms,0.5284901202637504,0.057337199905392475,4,4,4
ophiuroidea,ophiacanthida,ophiocomidae,ophiocomella,biomass_removal,echinoderms,0.6931838827737484,0.006751469664579132,3,3,3
ophiuroidea,ophiacanthida,ophiocomidae,ophiocomella,bycatch,echinoderms,0.1369807242468942,0.001338643705409432,3,3,3
ophiuroidea,ophiacanthida,ophiocomidae,ophiocomella,eutrophication_nutrient_pollution,echinoderms,0.5172568418841559,0.012831351880238994,3,3,3
ophiuroidea,ophiacanthida,ophiocomidae,ophiocomella,habitat_loss_degradation,echinoderms,0.38132036098043715,0.0029522051359272697,3,3,3
ophiuroidea,ophiacanthida,ophiocomidae,ophiocomella,inorganic_pollution,echinoderms,0.4876626538228335,0.0035115029222549804,3,3,3
ophiuroidea,ophiacanthida,ophiocomidae,ophiocomella,light_pollution,echinoderms,0.18487270035646597,0.001446812254330491,3,3,3
ophiuroidea,ophiacanthida,ophiocomidae,ophiocomella,oa,echinoderms,0.38978804664534383,0.02783191556859875,3,3,3
ophiuroidea,ophiacanthida,ophiocomidae,ophiocomella,oceanographic,echinoderms,0.4574885161481608,0.0045012756509528766,3,3,3
ophiuroidea,ophiacanthida,ophiocomidae,ophiocomella,organic_pollution,echinoderms,0.4088577799083922,0.0028700023175653334,3,3,3
ophiuroidea,ophiacanthida,ophiocomidae,ophiocomella,plastic_pollution_microplastic,echinoderms,0.4158073299112957,0.02542532424821772,3,3,3
ophiuroidea,ophiacanthida,ophiocomidae,ophiocomella,poisons_toxins,echinoderms,0.5259380787291178,0.003906916362563268,3,3,3
ophiuroidea,ophiacanthida,ophiocomidae,ophiocomella,salinity,echinoderms,0.4416591547604233,0.0033611320124031802,3,3,3
ophiuroidea,ophiacanthida,ophiocomidae,ophiocomella,sedimentation,echinoderms,0.5125852588851668,0.019194935747099687,3,3,3
ophiuroidea,ophiacanthida,ophiocomidae,ophiocomella,slr,echinoderms,0.08105443998198233,6.597464380418861e-4,3,3,3
ophiuroidea,ophiacanthida,ophiocomidae,ophiocomella,storm_disturbance,echinoderms,0.29997243736825957,0.0022832296097337655,3,3,3
ophiuroidea,ophiacanthida,ophiocomidae,ophiocomella,uv,echinoderms,0.13714613557574476,0.0010648478136904647,3,3,3
ophiuroidea,ophiacanthida,ophiocomidae,ophiocomella,water_temp,echinoderms,0.5614164609404902,0.004995428863168118,3,3,3
ophiuroidea,ophiacanthida,ophiocomidae,ophiomastix,biomass_removal,echinoderms,0.6932528376353914,0.006766652510049567,12,12,12
ophiuroidea,ophiacanthida,ophiocomidae,ophiomastix,bycatch,echinoderms,0.13698912840363497,0.0013365291943729356,12,12,12
ophiuroidea,ophiacanthida,ophiocomidae,ophiomastix,eutrophication_nutrient_pollution,echinoderms,0.5020374360737699,0.008097556157232885,12,12,12
ophiuroidea,ophiacanthida,ophiocomidae,ophiomastix,habitat_loss_degradation,echinoderms,0.38132269492344784,0.0029427409044512883,12,12,12
ophiuroidea,ophiacanthida,ophiocomidae,ophiomastix,inorganic_pollution,echinoderms,0.48766735655528765,0.0035245937244993606,12,12,12
ophiuroidea,ophiacanthida,ophiocomidae,ophiomastix,light_pollution,echinoderms,0.18487936602816318,0.0014567743937841766,12,12,12
ophiuroidea,ophiacanthida,ophiocomidae,ophiomastix,oa,echinoderms,0.35552124090469833,0.016453303029490926,12,12,12
ophiuroidea,ophiacanthida,ophiocomidae,ophiomastix,oceanographic,echinoderms,0.45754233868798405,0.004487974602485443,12,12,12
ophiuroidea,ophiacanthida,ophiocomidae,ophiomastix,organic_pollution,echinoderms,0.4088707618495439,0.002866875409317323,12,12,12
ophiuroidea,ophiacanthida,ophiocomidae,ophiomastix,plastic_pollution_microplastic,echinoderms,0.38458161552400666,0.015047480533240306,12,12,12
ophiuroidea,ophiacanthida,ophiocomidae,ophiomastix,poisons_toxins,echinoderms,0.5259425035136764,0.00391870238662433,12,12,12
ophiuroidea,ophiacanthida,ophiocomidae,ophiomastix,salinity,echinoderms,0.441652110546676,0.0033633650761337353,12,12,12
ophiuroidea,ophiacanthida,ophiocomidae,ophiomastix,sedimentation,echinoderms,0.48928719322014064,0.01164714651836432,12,12,12
ophiuroidea,ophiacanthida,ophiocomidae,ophiomastix,storm_disturbance,echinoderms,0.2999682869011217,0.00229225239714838,12,12,12
ophiuroidea,ophiacanthida,ophiocomidae,ophiomastix,uv,echinoderms,0.13713907076097925,0.0010689414375616147,12,12,12
ophiuroidea,ophiacanthida,ophiocomidae,ophiomastix,water_temp,echinoderms,0.5614545231347886,0.004995534221537459,12,12,12
reptilia,testudines,cheloniidae,lepidochelys,air_temp,reptiles,0.2401655167360046,0.029578871862718556,2,2,2
reptilia,testudines,cheloniidae,lepidochelys,biomass_removal,reptiles,0.6444338406821283,0.03518329890546728,2,2,2
reptilia,testudines,cheloniidae,lepidochelys,bycatch,reptiles,0.5170820656511786,0.028269734691775433,2,2,2
reptilia,testudines,cheloniidae,lepidochelys,entanglement_macroplastic,reptiles,0.3044634140715166,0.03111046062894602,2,2,2
reptilia,testudines,cheloniidae,lepidochelys,eutrophication_nutrient_pollution,reptiles,0.08873367754423941,0.012734133150997855,2,2,2
reptilia,testudines,cheloniidae,lepidochelys,habitat_loss_degradation,reptiles,0.5267487660002239,0.08183773007834096,2,2,2
reptilia,testudines,cheloniidae,lepidochelys,inorganic_pollution,reptiles,0.2671694980055392,0.04139407958153072,2,2,2
reptilia,testudines,cheloniidae,lepidochelys,invasive_species,reptiles,0.5846592214829119,0.09094142446687517,2,2,2
reptilia,testudines,cheloniidae,lepidochelys,light_pollution,reptiles,0.5909677978820965,0.08486204577351056,2,2,2
reptilia,testudines,cheloniidae,lepidochelys,oa,reptiles,0.03251329501226656,0.004665576384913718,2,2,2
reptilia,testudines,cheloniidae,lepidochelys,organic_pollution,reptiles,0.3470213622088563,0.04968253330179737,2,2,2
reptilia,testudines,cheloniidae,lepidochelys,plastic_pollution_microplastic,reptiles,0.06554278581199792,0.008795772273373505,2,2,2
reptilia,testudines,cheloniidae,lepidochelys,poisons_toxins,reptiles,0.044943990946818814,0.006453458784081013,2,2,2
reptilia,testudines,cheloniidae,lepidochelys,sedimentation,reptiles,0.2723544472965409,0.039110776993306784,2,2,2
reptilia,testudines,cheloniidae,lepidochelys,slr,reptiles,0.5958795108628047,0.0800510762192157,2,2,2
reptilia,testudines,cheloniidae,lepidochelys,storm_disturbance,reptiles,0.1315502604579901,0.017654813177032855,2,2,2
reptilia,testudines,cheloniidae,lepidochelys,water_temp,reptiles,0.125217388782893,0.01680459162120724,2,2,2
reptilia,testudines,cheloniidae,lepidochelys,wildlife_strike,reptiles,0.5178548424919934,0.07428452531190756,2,2,2
