class,order,family,stressor,taxon,mean_vuln,sd_vuln,n_spp_known,n_spp,n_prob
actinopterygii,clupeiformes,clupeidae,biomass_removal,fish,0.6022642193808101,0.02853181527301522,2,2,1
actinopterygii,clupeiformes,clupeidae,bycatch,fish,0.256479408612121,0.0030928553665838963,2,2,1
actinopterygii,clupeiformes,clupeidae,entanglement_macroplastic,fish,0.12132176110997196,6.202679701390098e-4,2,2,1
actinopterygii,clupeiformes,clupeidae,eutrophication_nutrient_pollution,fish,0.3124735208534073,0.03542201845708134,2,2,1
actinopterygii,clupeiformes,clupeidae,inorganic_pollution,fish,0.38449070309887357,0.009666458782322699,2,2,1
actinopterygii,clupeiformes,clupeidae,light_pollution,fish,0.1524628375672588,0.0022888052604517015,2,2,1
actinopterygii,clupeiformes,clupeidae,noise_pollution,fish,0.3153912075063964,0.18809480789103447,2,2,1
actinopterygii,clupeiformes,clupeidae,oa,fish,0.29130726309856164,0.01545959062805625,2,2,1
actinopterygii,clupeiformes,clupeidae,oceanographic,fish,0.4028223628938822,0.020184532711746812,2,2,1
actinopterygii,clupeiformes,clupeidae,organic_pollution,fish,0.3795879866109228,0.009400929007094324,2,2,1
actinopterygii,clupeiformes,clupeidae,plastic_pollution_microplastic,fish,0.34727722181588405,0.009230515387249796,2,2,1
actinopterygii,clupeiformes,clupeidae,poisons_toxins,fish,0.29711425245041784,0.013801208150388267,2,2,1
actinopterygii,clupeiformes,clupeidae,salinity,fish,0.3816728945659894,0.003471007445089618,2,2,1
actinopterygii,clupeiformes,clupeidae,sedimentation,fish,0.2619082110547296,0.013763253315398736,2,2,1
actinopterygii,clupeiformes,clupeidae,slr,fish,0.14914729731708823,0.002512047493969413,2,2,1
actinopterygii,clupeiformes,clupeidae,storm_disturbance,fish,0.1474213355342146,0.04515112291945888,2,2,1
actinopterygii,clupeiformes,clupeidae,uv,fish,0.2103673142705704,0.010435832418927602,2,2,1
actinopterygii,clupeiformes,clupeidae,water_temp,fish,0.2914910090916173,0.006436539764646066,2,2,1
actinopterygii,perciformes,pomacentridae,biomass_removal,fish,0.5837258150890565,0.031308095380535826,4,4,1
actinopterygii,perciformes,pomacentridae,bycatch,fish,0.31929001967843956,0.13404296184973274,4,4,1
actinopterygii,perciformes,pomacentridae,entanglement_macroplastic,fish,0.15017102857786221,0.06192320113097149,4,4,1
actinopterygii,perciformes,pomacentridae,eutrophication_nutrient_pollution,fish,0.3108530893097386,0.10966585388109575,4,4,1
actinopterygii,perciformes,pomacentridae,habitat_loss_degradation,fish,0.2278244689628937,0.10016498421295013,4,4,1
actinopterygii,perciformes,pomacentridae,inorganic_pollution,fish,0.3726915498506561,0.05409519371435928,4,4,1
actinopterygii,perciformes,pomacentridae,light_pollution,fish,0.1596650805894938,0.011555317695117969,4,4,1
actinopterygii,perciformes,pomacentridae,oa,fish,0.2957705711778513,0.04330134294873815,4,4,1
actinopterygii,perciformes,pomacentridae,oceanographic,fish,0.39854167862879886,0.08321307485331378,4,4,1
actinopterygii,perciformes,pomacentridae,organic_pollution,fish,0.3520629180951713,0.07283757561505208,4,4,1
actinopterygii,perciformes,pomacentridae,plastic_pollution_microplastic,fish,0.3360453178617352,0.01861949401600389,4,4,1
actinopterygii,perciformes,pomacentridae,poisons_toxins,fish,0.27433593509548626,0.0665198442640728,4,4,1
actinopterygii,perciformes,pomacentridae,salinity,fish,0.35323017123229844,0.06383209030040116,4,4,1
actinopterygii,perciformes,pomacentridae,sedimentation,fish,0.26468564613292656,0.049831292023029716,4,4,1
actinopterygii,perciformes,pomacentridae,storm_disturbance,fish,0.1055259492992628,0.0435208176914735,4,4,1
actinopterygii,perciformes,pomacentridae,uv,fish,0.24497959436092373,0.010950309173377257,4,4,1
actinopterygii,perciformes,pomacentridae,water_temp,fish,0.32805531051080983,0.0919584609976591,4,4,1
actinopterygii,perciformes,pomacentridae,wildlife_strike,fish,0.053273841833021474,0.09230996704140343,4,4,1
actinopterygii,perciformes,serranidae,biomass_removal,fish,0.6662582715765137,0.02068669968800768,4,4,3
actinopterygii,perciformes,serranidae,bycatch,fish,0.3468615337881629,0.1451884254301431,4,4,3
actinopterygii,perciformes,serranidae,entanglement_macroplastic,fish,0.2940357034385547,0.11077379679139596,4,4,3
actinopterygii,perciformes,serranidae,eutrophication_nutrient_pollution,fish,0.3743774099275501,0.1059922694067072,4,4,3
actinopterygii,perciformes,serranidae,habitat_loss_degradation,fish,0.08584414231566165,0.11700936323169468,4,4,1
actinopterygii,perciformes,serranidae,inorganic_pollution,fish,0.4262050608556397,0.05651613703977691,4,4,3
actinopterygii,perciformes,serranidae,light_pollution,fish,0.16711564456421504,0.01618237422262893,4,4,3
actinopterygii,perciformes,serranidae,noise_pollution,fish,0.05082110420133208,0.08804898310949766,4,4,1
actinopterygii,perciformes,serranidae,oa,fish,0.3248340795199665,0.04907569984603214,4,4,3
actinopterygii,perciformes,serranidae,oceanographic,fish,0.49910614606940196,0.06070986797908916,4,4,3
actinopterygii,perciformes,serranidae,organic_pollution,fish,0.4400914986973352,0.06596490177090449,4,4,3
actinopterygii,perciformes,serranidae,plastic_pollution_microplastic,fish,0.37412316434793197,0.021294650360994663,4,4,3
actinopterygii,perciformes,serranidae,poisons_toxins,fish,0.34515096047354776,0.05776069041350973,4,4,3
actinopterygii,perciformes,serranidae,salinity,fish,0.4214260137450003,0.02952691714973242,4,4,3
actinopterygii,perciformes,serranidae,sedimentation,fish,0.28910814972987975,0.0624442162117599,4,4,3
actinopterygii,perciformes,serranidae,storm_disturbance,fish,0.1387204393711791,0.035866591689086666,4,4,3
actinopterygii,perciformes,serranidae,uv,fish,0.2618991757739625,0.024291415990934,4,4,3
actinopterygii,perciformes,serranidae,water_temp,fish,0.3588612729508594,0.09913052618748895,4,4,3
actinopterygii,perciformes,serranidae,wildlife_strike,fish,0.16221103479283178,0.09419995301659138,4,4,3
asteroidea,valvatida,asterinidae,biomass_removal,echinoderms,0.7085530634229062,0.04375040392517888,20,20,1
asteroidea,valvatida,asterinidae,bycatch,echinoderms,0.16750534736060557,0.08862896887721783,20,20,1
asteroidea,valvatida,asterinidae,entanglement_macroplastic,echinoderms,0.04790959735665316,0.06531174636336375,20,20,1
asteroidea,valvatida,asterinidae,eutrophication_nutrient_pollution,echinoderms,0.45079651588088204,0.0390200569184452,20,20,1
asteroidea,valvatida,asterinidae,inorganic_pollution,echinoderms,0.4225248721605999,0.03096308536123538,20,20,1
asteroidea,valvatida,asterinidae,light_pollution,echinoderms,0.1424031616635745,0.07153605106564374,20,20,1
asteroidea,valvatida,asterinidae,oa,echinoderms,0.3915014385799651,0.016854826240830265,20,20,1
asteroidea,valvatida,asterinidae,oceanographic,echinoderms,0.36571817101001064,0.06737096926134482,20,20,1
asteroidea,valvatida,asterinidae,organic_pollution,echinoderms,0.33083538664277745,0.015376472461724593,20,20,1
asteroidea,valvatida,asterinidae,plastic_pollution_microplastic,echinoderms,0.22359822714587715,0.04947915536745311,20,20,1
asteroidea,valvatida,asterinidae,poisons_toxins,echinoderms,0.36878221272990575,0.03701086372055954,20,20,1
asteroidea,valvatida,asterinidae,salinity,echinoderms,0.3901579592077259,0.015667181631843132,20,20,1
asteroidea,valvatida,asterinidae,sedimentation,echinoderms,0.357795781374355,0.039533631600888804,20,20,1
asteroidea,valvatida,asterinidae,storm_disturbance,echinoderms,0.2922559241779235,0.014813176603326426,20,20,1
asteroidea,valvatida,asterinidae,uv,echinoderms,0.22391653659448685,0.1128884633030972,20,20,1
asteroidea,valvatida,asterinidae,water_temp,echinoderms,0.42529225719503727,0.039080495337344034,20,20,1
aves,charadriiformes,laridae,air_temp,seabirds,0.09401493309932485,0.0020130256916916197,94,94,94
aves,charadriiformes,laridae,biomass_removal,seabirds,0.6727942146496709,0.020626733714483786,94,94,94
aves,charadriiformes,laridae,bycatch,seabirds,0.5144470407652181,0.012067650332847226,94,94,94
aves,charadriiformes,laridae,entanglement_macroplastic,seabirds,0.36907850509745693,0.12283661954774693,94,94,94
aves,charadriiformes,laridae,eutrophication_nutrient_pollution,seabirds,0.06977393451664426,0.0014774068320165144,94,94,94
aves,charadriiformes,laridae,habitat_loss_degradation,seabirds,0.14589891831538107,0.0032296476308708365,94,94,94
aves,charadriiformes,laridae,inorganic_pollution,seabirds,0.18155439006575314,0.010452381743918708,94,94,94
aves,charadriiformes,laridae,invasive_species,seabirds,0.5466008516849287,0.013602223513342483,94,94,94
aves,charadriiformes,laridae,light_pollution,seabirds,0.44039866765633606,0.008831600074547162,94,94,94
aves,charadriiformes,laridae,noise_pollution,seabirds,0.37973915965206245,0.008764755685873595,94,94,94
aves,charadriiformes,laridae,oa,seabirds,0.056590731888494956,0.0013278246170863066,94,94,94
aves,charadriiformes,laridae,organic_pollution,seabirds,0.25818814313909993,0.014645934789269906,94,94,94
aves,charadriiformes,laridae,plastic_pollution_microplastic,seabirds,0.06012738327170005,0.0014982333064263642,94,94,94
aves,charadriiformes,laridae,poisons_toxins,seabirds,0.03519590385267578,7.437055563285186e-4,94,94,94
aves,charadriiformes,laridae,sedimentation,seabirds,0.19493476539636587,0.01796731902527022,94,94,94
aves,charadriiformes,laridae,slr,seabirds,0.41646272322590494,0.007898363143825814,94,94,94
aves,charadriiformes,laridae,storm_disturbance,seabirds,0.35379927735943395,0.0073393313555067475,94,94,94
aves,charadriiformes,laridae,water_temp,seabirds,0.07485065474439492,0.0016141297931469162,94,94,94
aves,charadriiformes,laridae,wildlife_strike,seabirds,0.3593122208683605,0.08233129999365975,94,94,94
aves,procellariiformes,procellariidae,biomass_removal,seabirds,0.6968241281523405,0.02278243131953162,84,84,84
aves,procellariiformes,procellariidae,bycatch,seabirds,0.5622894586818696,0.014849736220028378,84,84,84
aves,procellariiformes,procellariidae,entanglement_macroplastic,seabirds,0.38544277745044436,0.13583867909256084,84,84,84
aves,procellariiformes,procellariidae,eutrophication_nutrient_pollution,seabirds,0.07729214860073284,0.0023867789095909733,84,84,84
aves,procellariiformes,procellariidae,habitat_loss_degradation,seabirds,0.15315651206580452,0.005527309993089281,84,84,84
aves,procellariiformes,procellariidae,inorganic_pollution,seabirds,0.2055350750479994,0.012527724810653958,84,84,84
aves,procellariiformes,procellariidae,invasive_species,seabirds,0.6009879947450071,0.0169705312016271,84,84,84
aves,procellariiformes,procellariidae,light_pollution,seabirds,0.491265880995888,0.01857039240710645,84,84,84
aves,procellariiformes,procellariidae,noise_pollution,seabirds,0.4132222078756503,0.012073704269937296,84,84,84
aves,procellariiformes,procellariidae,oa,seabirds,0.061436568853767345,0.00179066196208004,84,84,84
aves,procellariiformes,procellariidae,organic_pollution,seabirds,0.2870727763698333,0.01839915920278321,84,84,84
aves,procellariiformes,procellariidae,plastic_pollution_microplastic,seabirds,0.06499144315549228,0.0018030378642298454,84,84,84
aves,procellariiformes,procellariidae,poisons_toxins,seabirds,0.039479829165104986,0.0013215234425508846,84,84,84
aves,procellariiformes,procellariidae,sedimentation,seabirds,0.22192046998660178,0.020492571842557396,84,84,84
aves,procellariiformes,procellariidae,slr,seabirds,0.4936757988250849,0.029277467210032732,84,84,84
aves,procellariiformes,procellariidae,storm_disturbance,seabirds,0.3911290059570161,0.011837995839986829,84,84,84
aves,procellariiformes,procellariidae,water_temp,seabirds,0.08235368030110984,0.002136709001317034,84,84,84
aves,procellariiformes,procellariidae,wildlife_strike,seabirds,0.3607317031876886,0.08666119372103347,84,84,84
bivalvia,cardiida,cardiidae,eutrophication_nutrient_pollution,molluscs,0.48756695743599593,0.013030798999258861,3,3,3
bivalvia,cardiida,cardiidae,inorganic_pollution,molluscs,0.5017200933326819,0.01050229450838276,3,3,3
bivalvia,cardiida,cardiidae,salinity,molluscs,0.4082333578166142,0.023646922120387624,3,3,3
bivalvia,cardiida,cardiidae,water_temp,molluscs,0.3055784377103689,0.014383296915053691,3,3,3
bivalvia,mytilida,mytilidae,air_temp,molluscs,0.24580498619148422,0.016216727242738767,5,5,5
bivalvia,mytilida,mytilidae,eutrophication_nutrient_pollution,molluscs,0.45555679320522496,0.012255751835161583,5,5,5
bivalvia,mytilida,mytilidae,inorganic_pollution,molluscs,0.46553629830047233,0.009865435186220316,5,5,5
bivalvia,mytilida,mytilidae,salinity,molluscs,0.3793699051980608,0.022184430482929517,5,5,5
bivalvia,mytilida,mytilidae,water_temp,molluscs,0.28373288185524304,0.013443252457441471,5,5,5
bivalvia,ostreida,margaritidae,eutrophication_nutrient_pollution,molluscs,0.48652861338402975,0.013079232031092477,2,2,2
bivalvia,ostreida,margaritidae,inorganic_pollution,molluscs,0.5008411433469424,0.010590957132716284,2,2,2
bivalvia,ostreida,margaritidae,salinity,molluscs,0.4062663558448627,0.023563777547705438,2,2,2
bivalvia,ostreida,margaritidae,water_temp,molluscs,0.3045101191374744,0.014396576128359546,2,2,2
bivalvia,ostreida,ostreidae,air_temp,molluscs,0.24738799891824942,0.016309920871729725,6,6,6
bivalvia,ostreida,ostreidae,eutrophication_nutrient_pollution,molluscs,0.4715425922679079,0.019879543334960118,6,6,6
bivalvia,ostreida,ostreidae,inorganic_pollution,molluscs,0.48367569796711424,0.02029977176312134,6,6,6
bivalvia,ostreida,ostreidae,salinity,molluscs,0.3938711787520697,0.026546524110271492,6,6,6
bivalvia,ostreida,ostreidae,water_temp,molluscs,0.29471121777721804,0.01720063030883176,6,6,6
bivalvia,pectinida,pectinidae,eutrophication_nutrient_pollution,molluscs,0.4867952793057703,0.013077513918617308,5,5,5
bivalvia,pectinida,pectinidae,inorganic_pollution,molluscs,0.49245318736918237,0.019783111431302517,5,5,5
bivalvia,pectinida,pectinidae,salinity,molluscs,0.40667922763824305,0.02373272400660745,5,5,5
bivalvia,pectinida,pectinidae,water_temp,molluscs,0.31626091576027465,0.02767437920136759,5,5,5
cephalopoda,nautilida,nautilidae,biomass_removal,cephalopods,0.7295320288930395,0.013216083446829115,4,4,1
cephalopoda,nautilida,nautilidae,bycatch,cephalopods,0.27350614286267694,0.0037363495012404796,4,4,1
cephalopoda,nautilida,nautilidae,entanglement_macroplastic,cephalopods,0.13026439452341257,0.0017005960430203154,4,4,1
cephalopoda,nautilida,nautilidae,eutrophication_nutrient_pollution,cephalopods,0.4385836832667723,0.005983511322135197,4,4,1
cephalopoda,nautilida,nautilidae,inorganic_pollution,cephalopods,0.42824164545333593,0.005747472181202258,4,4,1
cephalopoda,nautilida,nautilidae,noise_pollution,cephalopods,0.21147663529151298,0.002962045622307695,4,4,1
cephalopoda,nautilida,nautilidae,oa,cephalopods,0.350036044593389,0.004983456728932558,4,4,1
cephalopoda,nautilida,nautilidae,oceanographic,cephalopods,0.10037370882717365,0.0012672273073237956,4,4,1
cephalopoda,nautilida,nautilidae,organic_pollution,cephalopods,0.3810760742618135,0.005121689514176989,4,4,1
cephalopoda,nautilida,nautilidae,plastic_pollution_microplastic,cephalopods,0.19450158016286492,0.0028172718355116448,4,4,1
cephalopoda,nautilida,nautilidae,poisons_toxins,cephalopods,0.24250899905134324,0.0031789063564997694,4,4,1
cephalopoda,nautilida,nautilidae,salinity,cephalopods,0.3197869022899262,0.0040054870420694645,4,4,1
cephalopoda,nautilida,nautilidae,sedimentation,cephalopods,0.2825383660702238,0.0037127912749251512,4,4,1
cephalopoda,nautilida,nautilidae,slr,cephalopods,0.18234475210822765,0.0024835167752893395,4,4,1
cephalopoda,nautilida,nautilidae,storm_disturbance,cephalopods,0.05904749997812077,7.883360187979597e-4,4,4,1
cephalopoda,nautilida,nautilidae,water_temp,cephalopods,0.1892383793167166,0.0024173837104404217,4,4,1
cephalopoda,octopoda,octopodidae,biomass_removal,cephalopods,0.6541238025894981,0.007635386388709053,135,135,75
cephalopoda,octopoda,octopodidae,bycatch,cephalopods,0.26540160723471323,0.004689715092803008,135,135,75
cephalopoda,octopoda,octopodidae,entanglement_macroplastic,cephalopods,0.12655948434541878,0.002152145575362186,135,135,75
cephalopoda,octopoda,octopodidae,eutrophication_nutrient_pollution,cephalopods,0.41391691863772784,0.01093351862379805,135,135,75
cephalopoda,octopoda,octopodidae,inorganic_pollution,cephalopods,0.3879214262328384,0.011237240783260573,135,135,75
cephalopoda,octopoda,octopodidae,light_pollution,cephalopods,0.09576647553772667,0.07896492569598464,135,135,75
cephalopoda,octopoda,octopodidae,noise_pollution,cephalopods,0.20216969579255548,0.002875413596409781,135,135,75
cephalopoda,octopoda,octopodidae,oa,cephalopods,0.3487128935352512,0.014418660914678673,135,135,75
cephalopoda,octopoda,octopodidae,oceanographic,cephalopods,0.44625229446964587,0.17522752982676268,135,135,75
cephalopoda,octopoda,octopodidae,organic_pollution,cephalopods,0.3827613035791971,0.0298718344967219,135,135,75
cephalopoda,octopoda,octopodidae,plastic_pollution_microplastic,cephalopods,0.2935786993899512,0.0896236214893866,135,135,75
cephalopoda,octopoda,octopodidae,poisons_toxins,cephalopods,0.3232378849528063,0.052344285786792066,135,135,75
cephalopoda,octopoda,octopodidae,salinity,cephalopods,0.34186509254507014,0.021800292493967373,135,135,75
cephalopoda,octopoda,octopodidae,sedimentation,cephalopods,0.3168921601348381,0.016312796472757966,135,135,75
cephalopoda,octopoda,octopodidae,slr,cephalopods,0.16784119984938214,0.001500954535851517,135,135,75
cephalopoda,octopoda,octopodidae,storm_disturbance,cephalopods,0.08650579220946493,0.02596853836765824,135,135,75
cephalopoda,octopoda,octopodidae,uv,cephalopods,0.1481001520704328,0.12222569053997034,135,135,75
cephalopoda,octopoda,octopodidae,water_temp,cephalopods,0.3614367513151685,0.04110914304057593,135,135,75
echinoidea,camarodonta,parechinidae,eutrophication_nutrient_pollution,echinoderms,0.39703939715456144,0.003914286035600849,2,2,1
echinoidea,camarodonta,parechinidae,inorganic_pollution,echinoderms,0.3947391041520091,0.013880759566079419,2,2,1
echinoidea,camarodonta,parechinidae,oa,echinoderms,0.4452618085514226,0.003098524574086693,2,2,1
echinoidea,camarodonta,parechinidae,organic_pollution,echinoderms,0.37634384201879717,0.018135404809680483,2,2,1
echinoidea,camarodonta,parechinidae,plastic_pollution_microplastic,echinoderms,0.2927302687097005,0.03196068243096801,2,2,1
echinoidea,camarodonta,parechinidae,poisons_toxins,echinoderms,0.3735442582174605,0.017883308922698227,2,2,1
echinoidea,camarodonta,parechinidae,salinity,echinoderms,0.4322761495354047,0.0042669364522140395,2,2,1
echinoidea,camarodonta,parechinidae,sedimentation,echinoderms,0.2556234622674669,0.018529368802031505,2,2,1
echinoidea,camarodonta,toxopneustidae,eutrophication_nutrient_pollution,echinoderms,0.43942184115298455,0.005095716107479716,2,2,2
echinoidea,camarodonta,toxopneustidae,inorganic_pollution,echinoderms,0.46469965845713834,0.005986147899506187,2,2,2
echinoidea,camarodonta,toxopneustidae,oa,echinoderms,0.4625367092183859,0.003741774997649997,2,2,2
echinoidea,camarodonta,toxopneustidae,organic_pollution,echinoderms,0.4373553686541272,0.0056720759468018534,2,2,2
echinoidea,camarodonta,toxopneustidae,plastic_pollution_microplastic,echinoderms,0.2701169771929997,0.002395185557081573,2,2,2
echinoidea,camarodonta,toxopneustidae,poisons_toxins,echinoderms,0.36699387476760653,0.004767653057291447,2,2,2
echinoidea,camarodonta,toxopneustidae,salinity,echinoderms,0.44885692676464495,0.005221925212236703,2,2,2
echinoidea,camarodonta,toxopneustidae,sedimentation,echinoderms,0.24473707392551483,0.0031983505098981562,2,2,2
elasmobranchii,carcharhiniformes,carcharhinidae,air_temp,elasmobranchs,0.009324962533323638,0.030362193200654676,58,58,4
elasmobranchii,carcharhiniformes,carcharhinidae,biomass_removal,elasmobranchs,0.8069802081472028,0.027962383495671286,58,58,4
elasmobranchii,carcharhiniformes,carcharhinidae,bycatch,elasmobranchs,0.31819603898414334,0.006042437978140845,58,58,4
elasmobranchii,carcharhiniformes,carcharhinidae,entanglement_macroplastic,elasmobranchs,0.3218923872831344,0.14967470291265703,58,58,55
elasmobranchii,carcharhiniformes,carcharhinidae,eutrophication_nutrient_pollution,elasmobranchs,0.17053381035546708,0.002856898219411378,58,58,4
elasmobranchii,carcharhiniformes,carcharhinidae,habitat_loss_degradation,elasmobranchs,0.02164274920743176,0.06599299181493273,58,58,4
elasmobranchii,carcharhiniformes,carcharhinidae,inorganic_pollution,elasmobranchs,0.1633003942421666,0.03583371696444697,58,58,55
elasmobranchii,carcharhiniformes,carcharhinidae,invasive_species,elasmobranchs,0.0532042544501139,0.1732376165904593,58,58,4
elasmobranchii,carcharhiniformes,carcharhinidae,light_pollution,elasmobranchs,0.0323828040205718,0.10543939525082278,58,58,4
elasmobranchii,carcharhiniformes,carcharhinidae,noise_pollution,elasmobranchs,0.15163209117185067,0.020194716574656924,58,58,4
elasmobranchii,carcharhiniformes,carcharhinidae,oa,elasmobranchs,0.03429026444669201,4.85518627430429e-4,58,58,4
elasmobranchii,carcharhiniformes,carcharhinidae,organic_pollution,elasmobranchs,0.26670168149181656,0.049665204042419094,58,58,55
elasmobranchii,carcharhiniformes,carcharhinidae,plastic_pollution_microplastic,elasmobranchs,0.22395695035966168,0.004641279090893113,58,58,4
elasmobranchii,carcharhiniformes,carcharhinidae,poisons_toxins,elasmobranchs,0.22120356489253604,0.01035960861672006,58,58,4
elasmobranchii,carcharhiniformes,carcharhinidae,sedimentation,elasmobranchs,0.1601946294116758,0.03507977924219531,58,58,55
elasmobranchii,carcharhiniformes,carcharhinidae,slr,elasmobranchs,0.17311546363794048,0.003999252067906899,58,58,4
elasmobranchii,carcharhiniformes,carcharhinidae,storm_disturbance,elasmobranchs,0.06124915982109563,0.0010012212548094783,58,58,4
elasmobranchii,carcharhiniformes,carcharhinidae,water_temp,elasmobranchs,0.007896079738489636,0.02571002909149532,58,58,4
elasmobranchii,carcharhiniformes,carcharhinidae,wildlife_strike,elasmobranchs,0.11785821047547722,0.10135339753987715,58,58,55
elasmobranchii,carcharhiniformes,scyliorhinidae,biomass_removal,elasmobranchs,0.9037791247597163,0.05778606919137059,68,68,13
elasmobranchii,carcharhiniformes,scyliorhinidae,bycatch,elasmobranchs,0.4094395306516593,0.02376850020769965,68,68,13
elasmobranchii,carcharhiniformes,scyliorhinidae,entanglement_macroplastic,elasmobranchs,0.31143416113800987,0.1870165450869034,68,68,52
elasmobranchii,carcharhiniformes,scyliorhinidae,eutrophication_nutrient_pollution,elasmobranchs,0.22832677885501163,0.012324712292437319,68,68,13
elasmobranchii,carcharhiniformes,scyliorhinidae,inorganic_pollution,elasmobranchs,0.20601708330917812,0.015672153025567664,68,68,52
elasmobranchii,carcharhiniformes,scyliorhinidae,oa,elasmobranchs,0.044293933999585255,0.0025297077132518295,68,68,13
elasmobranchii,carcharhiniformes,scyliorhinidae,oceanographic,elasmobranchs,0.15784885054616715,0.008893146267080904,68,68,13
elasmobranchii,carcharhiniformes,scyliorhinidae,organic_pollution,elasmobranchs,0.3181953942408018,0.029637379052721187,68,68,52
elasmobranchii,carcharhiniformes,scyliorhinidae,plastic_pollution_microplastic,elasmobranchs,0.2795276856292748,0.01661011734927813,68,68,13
elasmobranchii,carcharhiniformes,scyliorhinidae,poisons_toxins,elasmobranchs,0.2837211190400293,0.01494649187493639,68,68,13
elasmobranchii,carcharhiniformes,scyliorhinidae,salinity,elasmobranchs,0.20717677800060333,0.011183645445278936,68,68,13
elasmobranchii,carcharhiniformes,scyliorhinidae,sedimentation,elasmobranchs,0.20982127633475406,0.02554557808973628,68,68,52
elasmobranchii,carcharhiniformes,scyliorhinidae,storm_disturbance,elasmobranchs,0.0839166494203696,0.004527717574252881,68,68,13
elasmobranchii,carcharhiniformes,triakidae,biomass_removal,elasmobranchs,0.8656711681113515,0.013850166054869132,46,46,45
elasmobranchii,carcharhiniformes,triakidae,bycatch,elasmobranchs,0.39386388012711476,0.0057440223436711485,46,46,45
elasmobranchii,carcharhiniformes,triakidae,entanglement_macroplastic,elasmobranchs,0.39057279516883187,0.18733927853932944,46,46,45
elasmobranchii,carcharhiniformes,triakidae,eutrophication_nutrient_pollution,elasmobranchs,0.2202792691241685,0.0029977981396496953,46,46,45
elasmobranchii,carcharhiniformes,triakidae,inorganic_pollution,elasmobranchs,0.19162732938221053,0.015354990354978967,46,46,45
elasmobranchii,carcharhiniformes,triakidae,oa,elasmobranchs,0.04264268764577637,6.140679034843116e-4,46,46,45
elasmobranchii,carcharhiniformes,triakidae,oceanographic,elasmobranchs,0.15203249688517992,0.002152971844117971,46,46,45
elasmobranchii,carcharhiniformes,triakidae,organic_pollution,elasmobranchs,0.3172220310864095,0.02133115322900935,46,46,45
elasmobranchii,carcharhiniformes,triakidae,plastic_pollution_microplastic,elasmobranchs,0.2686290748266742,0.004009430341336631,46,46,45
elasmobranchii,carcharhiniformes,triakidae,poisons_toxins,elasmobranchs,0.2739761513771127,0.00364618266115439,46,46,45
elasmobranchii,carcharhiniformes,triakidae,salinity,elasmobranchs,0.19987718706390356,0.002713509052205117,46,46,45
elasmobranchii,carcharhiniformes,triakidae,sedimentation,elasmobranchs,0.18946600170720662,0.027283547736179897,46,46,45
elasmobranchii,carcharhiniformes,triakidae,storm_disturbance,elasmobranchs,0.08096158921472653,0.0011049974080784603,46,46,45
elasmobranchii,lamniformes,lamnidae,biomass_removal,elasmobranchs,0.8018910515604251,0.018718531104328064,5,5,1
elasmobranchii,lamniformes,lamnidae,bycatch,elasmobranchs,0.4041410034710405,0.12463177704484617,5,5,1
elasmobranchii,lamniformes,lamnidae,entanglement_macroplastic,elasmobranchs,0.5078066530656518,0.0506785827576218,5,5,1
elasmobranchii,lamniformes,lamnidae,eutrophication_nutrient_pollution,elasmobranchs,0.18249629110570745,0.005847702116176389,5,5,1
elasmobranchii,lamniformes,lamnidae,inorganic_pollution,elasmobranchs,0.1543510749450025,0.007797109686473152,5,5,1
elasmobranchii,lamniformes,lamnidae,noise_pollution,elasmobranchs,0.16200936589185821,0.005746212688188164,5,5,1
elasmobranchii,lamniformes,lamnidae,oa,elasmobranchs,0.0359209295286263,0.001238750637268433,5,5,1
elasmobranchii,lamniformes,lamnidae,oceanographic,elasmobranchs,0.13718401172335223,0.004186462851706878,5,5,1
elasmobranchii,lamniformes,lamnidae,organic_pollution,elasmobranchs,0.2985655496598809,0.015116968816497302,5,5,1
elasmobranchii,lamniformes,lamnidae,plastic_pollution_microplastic,elasmobranchs,0.23498570354903192,0.004843838039198809,5,5,1
elasmobranchii,lamniformes,lamnidae,poisons_toxins,elasmobranchs,0.23762667907819554,0.012008267692763086,5,5,1
elasmobranchii,lamniformes,lamnidae,salinity,elasmobranchs,0.17460999503694904,0.00807836638103329,5,5,1
elasmobranchii,lamniformes,lamnidae,sedimentation,elasmobranchs,0.14315186879932687,0.007232245218535572,5,5,1
elasmobranchii,lamniformes,lamnidae,slr,elasmobranchs,0.21069762285191548,0.06305429053318688,5,5,1
elasmobranchii,lamniformes,lamnidae,storm_disturbance,elasmobranchs,0.07803275738258733,0.02383795607870984,5,5,1
elasmobranchii,lamniformes,lamnidae,water_temp,elasmobranchs,0.006221318190924629,0.012443311117606316,5,5,1
elasmobranchii,lamniformes,lamnidae,wildlife_strike,elasmobranchs,0.24139105077798745,0.07391136670877484,5,5,1
elasmobranchii,myliobatiformes,dasyatidae,biomass_removal,elasmobranchs,0.9168917820491344,0.06258824907593559,101,101,10
elasmobranchii,myliobatiformes,dasyatidae,bycatch,elasmobranchs,0.4138289542735728,0.02720866825511191,101,101,10
elasmobranchii,myliobatiformes,dasyatidae,entanglement_macroplastic,elasmobranchs,0.3386499471138314,0.19610344997820484,101,101,80
elasmobranchii,myliobatiformes,dasyatidae,eutrophication_nutrient_pollution,elasmobranchs,0.20938143094926687,0.04439150193763136,101,101,10
elasmobranchii,myliobatiformes,dasyatidae,inorganic_pollution,elasmobranchs,0.20632141138563487,0.017718365065920477,101,101,80
elasmobranchii,myliobatiformes,dasyatidae,oa,elasmobranchs,0.04478919330846284,0.002844808914069201,101,101,10
elasmobranchii,myliobatiformes,dasyatidae,organic_pollution,elasmobranchs,0.32426104618001367,0.031097247628194647,101,101,80
elasmobranchii,myliobatiformes,dasyatidae,plastic_pollution_microplastic,elasmobranchs,0.28275327666812183,0.018678634378913716,101,101,10
elasmobranchii,myliobatiformes,dasyatidae,poisons_toxins,elasmobranchs,0.28680184447041634,0.016784083577109993,101,101,10
elasmobranchii,myliobatiformes,dasyatidae,salinity,elasmobranchs,0.1711049531778417,0.08057997944429583,101,101,10
elasmobranchii,myliobatiformes,dasyatidae,sedimentation,elasmobranchs,0.20864663443795614,0.02812291975425624,101,101,80
elasmobranchii,myliobatiformes,dasyatidae,storm_disturbance,elasmobranchs,0.06917490479476958,0.03260616042752869,101,101,10
elasmobranchii,myliobatiformes,myliobatidae,biomass_removal,elasmobranchs,0.8799410748677178,0.021617359659505602,44,44,9
elasmobranchii,myliobatiformes,myliobatidae,bycatch,elasmobranchs,0.3680517238783071,0.09030504764937639,44,44,9
elasmobranchii,myliobatiformes,myliobatidae,entanglement_macroplastic,elasmobranchs,0.39049786546099313,0.17835801109967966,44,44,34
elasmobranchii,myliobatiformes,myliobatidae,eutrophication_nutrient_pollution,elasmobranchs,0.1934858772313514,0.009537576178479425,44,44,9
elasmobranchii,myliobatiformes,myliobatidae,inorganic_pollution,elasmobranchs,0.17753286237230867,0.012961270685146393,44,44,34
elasmobranchii,myliobatiformes,myliobatidae,oa,elasmobranchs,0.038993244187855665,0.0016569551264866101,44,44,9
elasmobranchii,myliobatiformes,myliobatidae,oceanographic,elasmobranchs,0.14408173844869646,0.009312204335031072,44,44,9
elasmobranchii,myliobatiformes,myliobatidae,organic_pollution,elasmobranchs,0.30539380495397356,0.03626139358120259,44,44,34
elasmobranchii,myliobatiformes,myliobatidae,plastic_pollution_microplastic,elasmobranchs,0.24609420557741235,0.011192493698731423,44,44,9
elasmobranchii,myliobatiformes,myliobatidae,poisons_toxins,elasmobranchs,0.2582496083741556,0.015562954742924438,44,44,9
elasmobranchii,myliobatiformes,myliobatidae,salinity,elasmobranchs,0.18996683317785834,0.010610458662985007,44,44,9
elasmobranchii,myliobatiformes,myliobatidae,sedimentation,elasmobranchs,0.173200503844484,0.02174527604277423,44,44,34
elasmobranchii,myliobatiformes,myliobatidae,slr,elasmobranchs,0.21441015902603724,0.050131894170745754,44,44,9
elasmobranchii,myliobatiformes,myliobatidae,storm_disturbance,elasmobranchs,0.07437934338161452,0.01857150132280208,44,44,9
elasmobranchii,myliobatiformes,myliobatidae,water_temp,elasmobranchs,0.0017517934423749268,0.008028022595602055,44,44,1
elasmobranchii,myliobatiformes,myliobatidae,wildlife_strike,elasmobranchs,0.16132172423255423,0.13175638407498197,44,44,34
elasmobranchii,rajiformes,arhynchobatidae,entanglement_macroplastic,elasmobranchs,0.3680259107472138,0.1885562638815604,106,106,106
elasmobranchii,rajiformes,arhynchobatidae,inorganic_pollution,elasmobranchs,0.19000282580404942,0.017812464973412538,106,106,106
elasmobranchii,rajiformes,arhynchobatidae,organic_pollution,elasmobranchs,0.30922022440337626,0.025169133274989694,106,106,106
elasmobranchii,rajiformes,arhynchobatidae,sedimentation,elasmobranchs,0.1893717306759321,0.028627434123242344,106,106,106
elasmobranchii,rajiformes,rajidae,biomass_removal,elasmobranchs,0.9024835140328175,0.03526552670983001,181,181,25
elasmobranchii,rajiformes,rajidae,bycatch,elasmobranchs,0.40658211338945777,0.012675636818868614,181,181,25
elasmobranchii,rajiformes,rajidae,entanglement_macroplastic,elasmobranchs,0.3348219929372428,0.1852993779489601,181,181,135
elasmobranchii,rajiformes,rajidae,eutrophication_nutrient_pollution,elasmobranchs,0.22678299716987518,0.00663786063081448,181,181,25
elasmobranchii,rajiformes,rajidae,inorganic_pollution,elasmobranchs,0.20262023541381335,0.017659434805051506,181,181,135
elasmobranchii,rajiformes,rajidae,oa,elasmobranchs,0.044065751266195746,0.0013275000935004458,181,181,25
elasmobranchii,rajiformes,rajidae,oceanographic,elasmobranchs,0.15680659919249623,0.012872413669116942,181,181,25
elasmobranchii,rajiformes,rajidae,organic_pollution,elasmobranchs,0.31894551488697287,0.021332168882503496,181,181,135
elasmobranchii,rajiformes,rajidae,plastic_pollution_microplastic,elasmobranchs,0.27791199306243947,0.008723574998431224,181,181,25
elasmobranchii,rajiformes,rajidae,poisons_toxins,elasmobranchs,0.28195546349857653,0.009627986945309946,181,181,25
elasmobranchii,rajiformes,rajidae,salinity,elasmobranchs,0.20460801846418578,0.016393779525789277,181,181,25
elasmobranchii,rajiformes,rajidae,sedimentation,elasmobranchs,0.2048777305058216,0.02955871925116688,181,181,135
elasmobranchii,rajiformes,rajidae,storm_disturbance,elasmobranchs,0.08287773015350902,0.006639916006595274,181,181,25
elasmobranchii,rajiformes,rhinobatidae,biomass_removal,elasmobranchs,0.8757925614645085,0.031078356034888954,73,73,56
elasmobranchii,rajiformes,rhinobatidae,bycatch,elasmobranchs,0.39800983020628816,0.01274777288911693,73,73,56
elasmobranchii,rajiformes,rhinobatidae,entanglement_macroplastic,elasmobranchs,0.36228408270843576,0.18611709626150608,73,73,66
elasmobranchii,rajiformes,rhinobatidae,eutrophication_nutrient_pollution,elasmobranchs,0.22243282645955462,0.00659661653439613,73,73,56
elasmobranchii,rajiformes,rhinobatidae,inorganic_pollution,elasmobranchs,0.19601297885313657,0.018008908001707433,73,73,66
elasmobranchii,rajiformes,rhinobatidae,oa,elasmobranchs,0.0430791473450396,0.0013555204106641308,73,73,56
elasmobranchii,rajiformes,rhinobatidae,organic_pollution,elasmobranchs,0.316807947799071,0.020146226711735545,73,73,66
elasmobranchii,rajiformes,rhinobatidae,plastic_pollution_microplastic,elasmobranchs,0.2715229024256912,0.008916651091000169,73,73,56
elasmobranchii,rajiformes,rhinobatidae,poisons_toxins,elasmobranchs,0.2765792662869507,0.007999009702857328,73,73,56
elasmobranchii,rajiformes,rhinobatidae,salinity,elasmobranchs,0.20182323708453592,0.005986109422355208,73,73,56
elasmobranchii,rajiformes,rhinobatidae,sedimentation,elasmobranchs,0.19590959824551368,0.029853461381694615,73,73,66
elasmobranchii,rajiformes,rhinobatidae,storm_disturbance,elasmobranchs,0.08174640519776796,0.002426477864963134,73,73,56
elasmobranchii,rajiformes,rhinobatidae,water_temp,elasmobranchs,0.10818567506722879,0.035254913396859114,73,73,56
elasmobranchii,squaliformes,somniosidae,biomass_removal,elasmobranchs,0.8629843152131011,0.010785229666519042,19,19,18
elasmobranchii,squaliformes,somniosidae,bycatch,elasmobranchs,0.3927697012021613,0.004466860375497793,19,19,18
elasmobranchii,squaliformes,somniosidae,entanglement_macroplastic,elasmobranchs,0.38846739788744467,0.18627404404616263,19,19,18
elasmobranchii,squaliformes,somniosidae,eutrophication_nutrient_pollution,elasmobranchs,0.21970952340114472,0.0023194303596777775,19,19,18
elasmobranchii,squaliformes,somniosidae,inorganic_pollution,elasmobranchs,0.19124682221280576,0.01543193440169685,19,19,18
elasmobranchii,squaliformes,somniosidae,noise_pollution,elasmobranchs,0.1927524331887363,0.0021371452530299343,19,19,18
elasmobranchii,squaliformes,somniosidae,oa,elasmobranchs,0.04251916803353059,4.7590584835261086e-4,19,19,18
elasmobranchii,squaliformes,somniosidae,oceanographic,elasmobranchs,0.15162214205538216,0.0016743261533761946,19,19,18
elasmobranchii,squaliformes,somniosidae,organic_pollution,elasmobranchs,0.31629462341966186,0.02090800843788278,19,19,18
elasmobranchii,squaliformes,somniosidae,plastic_pollution_microplastic,elasmobranchs,0.2678541892640731,0.0031315455648052337,19,19,18
elasmobranchii,squaliformes,somniosidae,poisons_toxins,elasmobranchs,0.2732847244820465,0.002826267428861771,19,19,18
elasmobranchii,squaliformes,somniosidae,salinity,elasmobranchs,0.19934691957520426,0.002106297600107577,19,19,18
elasmobranchii,squaliformes,somniosidae,sedimentation,elasmobranchs,0.18942433874715156,0.02733567733792443,19,19,18
elasmobranchii,squaliformes,somniosidae,storm_disturbance,elasmobranchs,0.08074841486354895,8.488535939741875e-4,19,19,18
gastropoda,lepetellida,haliotidae,air_temp,molluscs,0.27817220680807925,0.0179072532702153,3,3,3
gastropoda,lepetellida,haliotidae,eutrophication_nutrient_pollution,molluscs,0.41778914410103507,0.015480059391815699,3,3,3
gastropoda,lepetellida,haliotidae,inorganic_pollution,molluscs,0.4487316152888532,0.014297293654225773,3,3,3
gastropoda,lepetellida,haliotidae,salinity,molluscs,0.36606657306675744,0.02515990524989584,3,3,3
gastropoda,lepetellida,haliotidae,water_temp,molluscs,0.3443977860155006,0.018162067265855602,3,3,3
gastropoda,trochida,tegulidae,air_temp,molluscs,0.13793188081529098,0.13830987563036712,2,2,1
gastropoda,trochida,tegulidae,eutrophication_nutrient_pollution,molluscs,0.38188160522092546,0.012263406317654246,2,2,2
gastropoda,trochida,tegulidae,inorganic_pollution,molluscs,0.4064040923977043,0.00984022046271177,2,2,2
gastropoda,trochida,tegulidae,salinity,molluscs,0.3344268368549067,0.02227279903289203,2,2,2
gastropoda,trochida,tegulidae,water_temp,molluscs,0.33883593357587966,0.020677000375008272,2,2,2
gastropoda,trochida,turbinidae,air_temp,molluscs,0.2885990139580437,0.016833867604172763,2,2,2
gastropoda,trochida,turbinidae,eutrophication_nutrient_pollution,molluscs,0.4637781015448206,0.02232153014512918,2,2,2
gastropoda,trochida,turbinidae,inorganic_pollution,molluscs,0.4691278971129479,0.022588478104791084,2,2,2
gastropoda,trochida,turbinidae,salinity,molluscs,0.38289496274178453,0.029688601364369984,2,2,2
gastropoda,trochida,turbinidae,water_temp,molluscs,0.35757045585231606,0.020910591143015914,2,2,2
holothuroidea,holothuriida,holothuriidae,biomass_removal,echinoderms,0.69188765802641,0.02268532845802305,4,4,1
holothuroidea,holothuriida,holothuriidae,bycatch,echinoderms,0.29364258891480505,0.007974910818336366,4,4,1
holothuroidea,holothuriida,holothuriidae,entanglement_macroplastic,echinoderms,0.13944216312046662,0.003623111421030366,4,4,1
holothuroidea,holothuriida,holothuriidae,eutrophication_nutrient_pollution,echinoderms,0.5048400984303854,0.010989573656077131,4,4,1
holothuroidea,holothuriida,holothuriidae,habitat_loss_degradation,echinoderms,0.30980397743044696,0.14804226961804934,4,4,1
holothuroidea,holothuriida,holothuriidae,inorganic_pollution,echinoderms,0.491326187171849,0.01073157366881511,4,4,1
holothuroidea,holothuriida,holothuriidae,light_pollution,echinoderms,0.17646399005265345,0.004724997410205886,4,4,1
holothuroidea,holothuriida,holothuriidae,oa,echinoderms,0.41830710958901957,0.03762298946818705,4,4,1
holothuroidea,holothuriida,holothuriidae,oceanographic,echinoderms,0.6258377287431696,0.018562720648557237,4,4,1
holothuroidea,holothuriida,holothuriidae,organic_pollution,echinoderms,0.42208012194412337,0.009197797629335735,4,4,1
holothuroidea,holothuriida,holothuriidae,plastic_pollution_microplastic,echinoderms,0.26250014367916397,0.006179407351356306,4,4,1
holothuroidea,holothuriida,holothuriidae,poisons_toxins,echinoderms,0.35422551822727244,0.007730734030319474,4,4,1
holothuroidea,holothuriida,holothuriidae,salinity,echinoderms,0.4342072722575563,0.009441609426072623,4,4,1
holothuroidea,holothuriida,holothuriidae,sedimentation,echinoderms,0.35422419870473737,0.007731801654843583,4,4,1
holothuroidea,holothuriida,holothuriidae,storm_disturbance,echinoderms,0.2933113072760372,0.00752167478103385,4,4,1
holothuroidea,holothuriida,holothuriidae,uv,echinoderms,0.2746938728111671,0.010514214421238892,4,4,1
holothuroidea,holothuriida,holothuriidae,water_temp,echinoderms,0.5059182611433353,0.013928804698766577,4,4,1
mammalia,carnivora,otariidae,air_temp,marine_mammals,0.2496335688626537,0.006675781183503205,14,14,7
mammalia,carnivora,otariidae,biomass_removal,marine_mammals,0.7097066192569809,0.024900471823419975,14,14,7
mammalia,carnivora,otariidae,bycatch,marine_mammals,0.5706801371502882,0.01617845180137044,14,14,7
mammalia,carnivora,otariidae,entanglement_macroplastic,marine_mammals,0.5467145926806011,0.01490477410048846,14,14,7
mammalia,carnivora,otariidae,eutrophication_nutrient_pollution,marine_mammals,0.08043545119317434,0.0021470979686842432,14,14,7
mammalia,carnivora,otariidae,habitat_loss_degradation,marine_mammals,0.34657894886703117,0.17908642929203297,14,14,7
mammalia,carnivora,otariidae,inorganic_pollution,marine_mammals,0.20801441878961696,0.00577657250758329,14,14,7
mammalia,carnivora,otariidae,invasive_species,marine_mammals,0.6105064105389465,0.018507459723927342,14,14,7
mammalia,carnivora,otariidae,light_pollution,marine_mammals,0.3467957622332591,0.00894381897740429,14,14,7
mammalia,carnivora,otariidae,noise_pollution,marine_mammals,0.21725814814251812,0.00627220041765769,14,14,7
mammalia,carnivora,otariidae,oa,marine_mammals,0.12997899966329238,0.003802725246323984,14,14,7
mammalia,carnivora,otariidae,organic_pollution,marine_mammals,0.3272353161900617,0.009117354661970164,14,14,7
mammalia,carnivora,otariidae,plastic_pollution_microplastic,marine_mammals,0.06600901741624945,0.0019633138536416504,14,14,7
mammalia,carnivora,otariidae,poisons_toxins,marine_mammals,0.04237173519124735,0.001174807715858279,14,14,7
mammalia,carnivora,otariidae,sedimentation,marine_mammals,0.0860237117353515,0.0023868861197183233,14,14,7
mammalia,carnivora,otariidae,slr,marine_mammals,0.31811304809063035,0.0076177660542235525,14,14,7
mammalia,carnivora,otariidae,storm_disturbance,marine_mammals,0.17735763045197844,0.004746096460816134,14,14,7
mammalia,carnivora,otariidae,water_temp,marine_mammals,0.20170778661096678,0.0055052539846508625,14,14,7
mammalia,carnivora,otariidae,wildlife_strike,marine_mammals,0.5356764690503969,0.014349869500693646,14,14,7
mammalia,cetartiodactyla,balaenidae,biomass_removal,marine_mammals,0.791451628281668,0.06720778780833431,4,4,1
mammalia,cetartiodactyla,balaenidae,bycatch,marine_mammals,0.642778262114309,0.028590530392535573,4,4,1
mammalia,cetartiodactyla,balaenidae,entanglement_macroplastic,marine_mammals,0.6204292088084888,0.03241941511724714,4,4,1
mammalia,cetartiodactyla,balaenidae,eutrophication_nutrient_pollution,marine_mammals,0.11394399534936729,0.013960199017294643,4,4,1
mammalia,cetartiodactyla,balaenidae,habitat_loss_degradation,marine_mammals,0.32742851891688185,0.15331348324917748,4,4,1
mammalia,cetartiodactyla,balaenidae,inorganic_pollution,marine_mammals,0.09074645455676099,0.02224787178615005,4,4,1
mammalia,cetartiodactyla,balaenidae,noise_pollution,marine_mammals,0.49112362406490795,0.02843097616350256,4,4,1
mammalia,cetartiodactyla,balaenidae,oa,marine_mammals,0.036427963772488726,0.00215345786501367,4,4,1
mammalia,cetartiodactyla,balaenidae,oceanographic,marine_mammals,0.12346382992176241,0.007468484758097632,4,4,1
mammalia,cetartiodactyla,balaenidae,organic_pollution,marine_mammals,0.2770178159442133,0.03454370320202897,4,4,1
mammalia,cetartiodactyla,balaenidae,plastic_pollution_microplastic,marine_mammals,0.07415907143809285,0.0038381717520696986,4,4,1
mammalia,cetartiodactyla,balaenidae,poisons_toxins,marine_mammals,0.04685766131385994,0.003882916293795129,4,4,1
mammalia,cetartiodactyla,balaenidae,salinity,marine_mammals,0.17002282115681525,0.015290516763822112,4,4,1
mammalia,cetartiodactyla,balaenidae,slr,marine_mammals,0.403364937399251,0.045506602406323246,4,4,1
mammalia,cetartiodactyla,balaenidae,storm_disturbance,marine_mammals,0.2639675212287066,0.015157837946278755,4,4,1
mammalia,cetartiodactyla,balaenidae,water_temp,marine_mammals,0.12048175363879815,0.067627703516614,4,4,1
mammalia,cetartiodactyla,balaenidae,wildlife_strike,marine_mammals,0.5606394908594678,0.025122736318267964,4,4,1
mammalia,cetartiodactyla,balaenopteridae,biomass_removal,marine_mammals,0.7264923139846149,0.06576349493015102,7,7,1
mammalia,cetartiodactyla,balaenopteridae,bycatch,marine_mammals,0.5830617474234061,0.05426684683609429,7,7,1
mammalia,cetartiodactyla,balaenopteridae,entanglement_macroplastic,marine_mammals,0.5487953982551287,0.04451630070645544,7,7,1
mammalia,cetartiodactyla,balaenopteridae,inorganic_pollution,marine_mammals,0.11138931411242713,0.040611096053652936,7,7,1
mammalia,cetartiodactyla,balaenopteridae,noise_pollution,marine_mammals,0.43508850961429457,0.03777345580419405,7,7,1
mammalia,cetartiodactyla,balaenopteridae,oa,marine_mammals,0.036544096997432246,0.009539915575009545,7,7,1
mammalia,cetartiodactyla,balaenopteridae,organic_pollution,marine_mammals,0.2986143838636029,0.07114051742719907,7,7,1
mammalia,cetartiodactyla,balaenopteridae,plastic_pollution_microplastic,marine_mammals,0.06741954389737263,0.00597797015314207,7,7,1
mammalia,cetartiodactyla,balaenopteridae,poisons_toxins,marine_mammals,0.04413842424199571,0.0050955053031057004,7,7,1
mammalia,cetartiodactyla,balaenopteridae,slr,marine_mammals,0.31457570515676625,0.06254680607998404,7,7,1
mammalia,cetartiodactyla,balaenopteridae,storm_disturbance,marine_mammals,0.23273712521703946,0.029494224755273506,7,7,1
mammalia,cetartiodactyla,balaenopteridae,water_temp,marine_mammals,0.07025529096851033,0.049641421072845915,7,7,1
mammalia,cetartiodactyla,balaenopteridae,wildlife_strike,marine_mammals,0.5165368218678292,0.05588675683698065,7,7,1
mammalia,cetartiodactyla,delphinidae,biomass_removal,marine_mammals,0.7286119953954623,0.057345407784899466,24,24,4
mammalia,cetartiodactyla,delphinidae,bycatch,marine_mammals,0.6118793838337666,0.026397527530166897,24,24,4
mammalia,cetartiodactyla,delphinidae,entanglement_macroplastic,marine_mammals,0.5895960964030269,0.03294556311077615,24,24,4
mammalia,cetartiodactyla,delphinidae,eutrophication_nutrient_pollution,marine_mammals,0.15362806663591547,0.03934908321034458,24,24,4
mammalia,cetartiodactyla,delphinidae,inorganic_pollution,marine_mammals,0.2305507119537717,0.06113800243645811,24,24,4
mammalia,cetartiodactyla,delphinidae,light_pollution,marine_mammals,0.1550688256643006,0.07048008101677015,24,24,4
mammalia,cetartiodactyla,delphinidae,noise_pollution,marine_mammals,0.46110285032158804,0.025434276417106393,24,24,4
mammalia,cetartiodactyla,delphinidae,oa,marine_mammals,0.11480203839623676,0.04042033718095891,24,24,4
mammalia,cetartiodactyla,delphinidae,oceanographic,marine_mammals,0.016998342261094705,0.04497594821729503,24,24,1
mammalia,cetartiodactyla,delphinidae,organic_pollution,marine_mammals,0.38759286676471444,0.04119350945202629,24,24,4
mammalia,cetartiodactyla,delphinidae,plastic_pollution_microplastic,marine_mammals,0.06990417999901262,0.0030870977315081527,24,24,4
mammalia,cetartiodactyla,delphinidae,poisons_toxins,marine_mammals,0.04690740155630053,0.003927878211876792,24,24,4
mammalia,cetartiodactyla,delphinidae,salinity,marine_mammals,0.024222095643167216,0.06408960742727991,24,24,1
mammalia,cetartiodactyla,delphinidae,sedimentation,marine_mammals,0.19134979402498806,0.06520166202194684,24,24,4
mammalia,cetartiodactyla,delphinidae,slr,marine_mammals,0.3705103812680457,0.12590690762432555,24,24,4
mammalia,cetartiodactyla,delphinidae,storm_disturbance,marine_mammals,0.20287075383680678,0.03917892382127821,24,24,4
mammalia,cetartiodactyla,delphinidae,water_temp,marine_mammals,0.08297396891374519,0.02632188911964774,24,24,4
mammalia,cetartiodactyla,delphinidae,wildlife_strike,marine_mammals,0.5436426267129967,0.04170327478980943,24,24,4
myxini,myxiniformes,myxinidae,biomass_removal,fish,0.5644231726843959,0.00608860294838661,2,2,2
myxini,myxiniformes,myxinidae,bycatch,fish,0.24997045181919364,0.00237363836967758,2,2,2
myxini,myxiniformes,myxinidae,entanglement_macroplastic,fish,0.11946156892824326,0.0011030648256658098,2,2,2
myxini,myxiniformes,myxinidae,eutrophication_nutrient_pollution,fish,0.0758464642356215,7.327261491033665e-4,2,2,2
myxini,myxiniformes,myxinidae,inorganic_pollution,fish,0.20654777397569388,0.0019658682684712643,2,2,2
myxini,myxiniformes,myxinidae,oa,fish,0.02768127512385589,2.624576866578446e-4,2,2,2
myxini,myxiniformes,myxinidae,organic_pollution,fish,0.29182729515446565,0.0027507364309259405,2,2,2
myxini,myxiniformes,myxinidae,plastic_pollution_microplastic,fish,0.17154642646535675,0.0016797047994466152,2,2,2
myxini,myxiniformes,myxinidae,poisons_toxins,fish,0.1900624023470607,0.0018096109343699956,2,2,2
myxini,myxiniformes,myxinidae,sedimentation,fish,0.15227118180834404,0.001447690813308689,2,2,2
myxini,myxiniformes,myxinidae,water_temp,fish,0.02528217359326503,2.35234227210383e-4,2,2,2
ophiuroidea,amphilepidida,amphiuridae,biomass_removal,echinoderms,0.7078403416567766,0.01649418212108417,2,2,2
ophiuroidea,amphilepidida,amphiuridae,bycatch,echinoderms,0.10051316055755934,0.00203013573882726,2,2,2
ophiuroidea,amphilepidida,amphiuridae,eutrophication_nutrient_pollution,echinoderms,0.5147324226657225,0.04859198611992098,2,2,2
ophiuroidea,amphilepidida,amphiuridae,habitat_loss_degradation,echinoderms,0.05643988384116961,0.0010636407326496487,2,2,2
ophiuroidea,amphilepidida,amphiuridae,inorganic_pollution,echinoderms,0.5095746592642508,0.015297851061710315,2,2,2
ophiuroidea,amphilepidida,amphiuridae,light_pollution,echinoderms,0.08991735239265355,0.08992495739663778,2,2,1
ophiuroidea,amphilepidida,amphiuridae,oa,echinoderms,0.42587142226131885,0.04351348206222608,2,2,2
ophiuroidea,amphilepidida,amphiuridae,oceanographic,echinoderms,0.3780771417514468,0.24868732165141158,2,2,2
ophiuroidea,amphilepidida,amphiuridae,organic_pollution,echinoderms,0.39131093927305005,0.059304477565171175,2,2,2
ophiuroidea,amphilepidida,amphiuridae,plastic_pollution_microplastic,echinoderms,0.45462899711049637,0.09671437987775747,2,2,2
ophiuroidea,amphilepidida,amphiuridae,poisons_toxins,echinoderms,0.44739432202868057,0.09965523425038232,2,2,2
ophiuroidea,amphilepidida,amphiuridae,salinity,echinoderms,0.44208736690032313,0.01857978119704484,2,2,2
ophiuroidea,amphilepidida,amphiuridae,sedimentation,echinoderms,0.4910287650331471,0.05604971873845911,2,2,2
ophiuroidea,amphilepidida,amphiuridae,storm_disturbance,echinoderms,0.2858696151600692,0.026774801624416165,2,2,2
ophiuroidea,amphilepidida,amphiuridae,uv,echinoderms,0.1525291892105835,0.15254442446925387,2,2,1
ophiuroidea,amphilepidida,amphiuridae,water_temp,echinoderms,0.41491232848106574,0.10079759495941296,2,2,2
ophiuroidea,ophiacanthida,ophiocomidae,biomass_removal,echinoderms,0.6933247088347815,0.00683728011676794,25,25,25
ophiuroidea,ophiacanthida,ophiocomidae,bycatch,echinoderms,0.09875097229316847,8.397073667485452e-4,25,25,25
ophiuroidea,ophiacanthida,ophiocomidae,eutrophication_nutrient_pollution,echinoderms,0.5253088869600793,0.01393864218206738,25,25,25
ophiuroidea,ophiacanthida,ophiocomidae,habitat_loss_degradation,echinoderms,0.055513437150660164,4.4006109423820497e-4,25,25,25
ophiuroidea,ophiacanthida,ophiocomidae,inorganic_pollution,echinoderms,0.4974747246881938,0.005451842788581077,25,25,25
ophiuroidea,ophiacanthida,ophiocomidae,light_pollution,echinoderms,0.17991924535987389,0.0013897988553951135,25,25,25
ophiuroidea,ophiacanthida,ophiocomidae,oa,echinoderms,0.4234229865402339,0.032805043994732705,25,25,25
ophiuroidea,ophiacanthida,ophiocomidae,oceanographic,echinoderms,0.5006121766561247,0.12404712977847343,25,25,25
ophiuroidea,ophiacanthida,ophiocomidae,organic_pollution,echinoderms,0.42687522916718407,0.006597194923279195,25,25,25
ophiuroidea,ophiacanthida,ophiocomidae,plastic_pollution_microplastic,echinoderms,0.5009818060731261,0.033172016241622,25,25,25
ophiuroidea,ophiacanthida,ophiocomidae,poisons_toxins,echinoderms,0.5181628091234647,0.008490095600271383,25,25,25
ophiuroidea,ophiacanthida,ophiocomidae,salinity,echinoderms,0.43988347113925297,0.003361233948381985,25,25,25
ophiuroidea,ophiacanthida,ophiocomidae,sedimentation,echinoderms,0.499160894076697,0.020073886408071624,25,25,25
ophiuroidea,ophiacanthida,ophiocomidae,storm_disturbance,echinoderms,0.2987464338885533,0.0022787531629167076,25,25,25
ophiuroidea,ophiacanthida,ophiocomidae,uv,echinoderms,0.28260291241294627,0.0022651626018472715,25,25,25
ophiuroidea,ophiacanthida,ophiocomidae,water_temp,echinoderms,0.5111102737967469,0.023979546132812658,25,25,25
reptilia,squamata,elapidae,eutrophication_nutrient_pollution,reptiles,0.10590098838099853,0.01596827438597086,70,70,60
reptilia,squamata,elapidae,habitat_loss_degradation,reptiles,0.05436057628466208,0.07742772402482721,70,70,60
reptilia,squamata,elapidae,water_temp,reptiles,0.09017902293188332,0.03197533923373874,70,70,60
reptilia,testudines,cheloniidae,biomass_removal,reptiles,0.6318788036342549,0.02629071719814,6,6,6
reptilia,testudines,cheloniidae,bycatch,reptiles,0.5090505703867446,0.01553872908279184,6,6,6
reptilia,testudines,cheloniidae,entanglement_macroplastic,reptiles,0.29511658459188267,0.09890960498818735,6,6,6
reptilia,testudines,cheloniidae,eutrophication_nutrient_pollution,reptiles,0.07857844657571564,0.007823115236148774,6,6,6
reptilia,testudines,cheloniidae,habitat_loss_degradation,reptiles,0.1595284511820845,0.016468621524535685,6,6,6
reptilia,testudines,cheloniidae,inorganic_pollution,reptiles,0.2315189130784563,0.01088066971394969,6,6,6
reptilia,testudines,cheloniidae,invasive_species,reptiles,0.5405528216532657,0.017465147709531798,6,6,6
reptilia,testudines,cheloniidae,light_pollution,reptiles,0.490341784852473,0.01888400627785715,6,6,6
reptilia,testudines,cheloniidae,oa,reptiles,0.029490817986781208,0.0010496496169201226,6,6,6
reptilia,testudines,cheloniidae,organic_pollution,reptiles,0.30747443485373455,0.019740803493448325,6,6,6
reptilia,testudines,cheloniidae,plastic_pollution_microplastic,reptiles,0.05884845219915703,0.0017768762723398652,6,6,6
reptilia,testudines,cheloniidae,poisons_toxins,reptiles,0.03914755065443353,0.0016666309254194658,6,6,6
reptilia,testudines,cheloniidae,sedimentation,reptiles,0.23055142892330843,0.015261893380534321,6,6,6
reptilia,testudines,cheloniidae,slr,reptiles,0.5420718545376176,0.033484873118560764,6,6,6
reptilia,testudines,cheloniidae,storm_disturbance,reptiles,0.10937816328448181,0.004158344675565518,6,6,6
reptilia,testudines,cheloniidae,water_temp,reptiles,0.10855529468634796,0.008073905730189124,6,6,6
reptilia,testudines,cheloniidae,wildlife_strike,reptiles,0.3242078528908256,0.06815537536746971,6,6,6
