id,name,rank,parent,parent_level
711964,acantharia incertae sedis,order,acantharia,class
866438,acanthonida,order,acantharia,class
367301,arthracanthida,order,acantharia,class
367300,chaunacanthida,order,acantharia,class
367298,holacanthida,order,acantharia,class
367299,symphyacanthida,order,acantharia,class
NA,NA,NA,actinopteri,class
10288,acipenseriformes,order,actinopterygii,class
1321884,argentiniformes,order,actinopterygii,class
10307,ateleopodiformes,order,actinopterygii,class
10318,atheriniformes,order,actinopterygii,class
10308,aulopiformes,order,actinopterygii,class
10315,batrachoidiformes,order,actinopterygii,class
10320,beloniformes,order,actinopterygii,class
10322,beryciformes,order,actinopterygii,class
10323,cetomimiformes,order,actinopterygii,class
10297,clupeiformes,order,actinopterygii,class
154156,cypriniformes,order,actinopterygii,class
10319,cyprinodontiformes,order,actinopterygii,class
10313,gadiformes,order,actinopterygii,class
10326,gasterosteiformes,order,actinopterygii,class
10317,gobiesociformes,order,actinopterygii,class
10310,lampriformes,order,actinopterygii,class
10316,lophiiformes,order,actinopterygii,class
397228,mugiliformes,order,actinopterygii,class
10309,myctophiformes,order,actinopterygii,class
10294,notacanthiformes,order,actinopterygii,class
10314,ophidiiformes,order,actinopterygii,class
10304,osmeriformes,order,actinopterygii,class
11014,perciformes,order,actinopterygii,class
10331,pleuronectiformes,order,actinopterygii,class
10311,polymixiiformes,order,actinopterygii,class
10305,salmoniformes,order,actinopterygii,class
10329,scorpaeniformes,order,actinopterygii,class
10321,stephanoberyciformes,order,actinopterygii,class
10306,stomiiformes,order,actinopterygii,class
10327,syngnathiformes,order,actinopterygii,class
10332,tetraodontiformes,order,actinopterygii,class
10919,zeiformes,order,actinopterygii,class
151804,albuliformes,order,actinopterygii,class
10295,anguilliformes,order,actinopterygii,class
10292,elopiformes,order,actinopterygii,class
10296,saccopharyngiformes,order,actinopterygii,class
NA,NA,NA,adenophorea,class
129094,vestimentifera,order,afrenulata,class
NA,NA,NA,allomalorhagida,class
NA,NA,NA,amphineura,class
NA,NA,NA,anopla,class
380371,auloporida,order,anthozoa,class
366466,penicillaria,order,anthozoa,class
151646,spirularia,order,anthozoa,class
1360,actiniaria,order,anthozoa,class
22549,antipatharia,order,anthozoa,class
1362,corallimorpharia,order,anthozoa,class
196195,coralliomorpharia,order,anthozoa,class
1455184,hexanthiniaria,order,anthozoa,class
1460175,kilbuchophyllida,order,anthozoa,class
22712,ptychodactiaria,order,anthozoa,class
1363,scleractinia,order,anthozoa,class
607338,zoantharia,order,anthozoa,class
16327,zoanthidea,order,anthozoa,class
955022,zoanthiniaria,order,anthozoa,class
1365,alcyonacea,order,anthozoa,class
1366,gorgonacea,order,anthozoa,class
266987,helioporacea,order,anthozoa,class
151642,octocorallia incertae sedis,order,anthozoa,class
1367,pennatulacea,order,anthozoa,class
1457921,stauriida,order,anthozoa,class
1457932,stereolasmatina,order,anthozoa,class
1457917,auloporida,order,anthozoa,class
1457911,favositida,order,anthozoa,class
1458061,halysitida,order,anthozoa,class
1458034,sarcinulida,order,anthozoa,class
1458062,syringoporida,order,anthozoa,class
509663,madreporaria,order,anthozoa,class
NA,NA,NA,apicomplexa incertae sedis,class
NA,NA,NA,aplacophora,class
103353,copelata,order,appendicularia,class
150467,araneae,order,arachnida,class
510080,palpigradi,order,arachnida,class
118083,pseudoscorpiones,order,arachnida,class
467668,pseudoscorpionida,order,arachnida,class
562861,haplosporida,order,ascetosporea,class
562855,paramyxida,order,ascetosporea,class
103434,aplousobranchia,order,ascidiacea,class
154133,enterogona,order,ascidiacea,class
103435,phlebobranchia,order,ascidiacea,class
147105,pleurogona,order,ascidiacea,class
103436,stolidobranchia,order,ascidiacea,class
368151,euclasteroidea,order,asteroidea,class
152494,platyasterida,order,asteroidea,class
123091,velatida,order,asteroidea,class
369151,peripodida,order,asteroidea,class
123085,brisingida,order,asteroidea,class
123086,forcipulatida,order,asteroidea,class
1316475,trichasteropsida,order,asteroidea,class
123089,spinulosida,order,asteroidea,class
123087,notomyotida,order,asteroidea,class
123088,paxillosida,order,asteroidea,class
123090,valvatida,order,asteroidea,class
2681,anseriformes,order,aves,class
2682,charadriiformes,order,aves,class
148746,ciconiiformes,order,aves,class
148793,gaviiformes,order,aves,class
2684,pelecaniformes,order,aves,class
196035,phoenicopteriformes,order,aves,class
2685,podicipediformes,order,aves,class
2686,procellariiformes,order,aves,class
196033,sphenisciformes,order,aves,class
203,nuculanida,order,bivalvia,class
382247,nuculida,order,bivalvia,class
22629,solemyida,order,bivalvia,class
207,arcida,order,bivalvia,class
1777,limida,order,bivalvia,class
210,mytilida,order,bivalvia,class
1774,ostreida,order,bivalvia,class
387324,pectinida,order,bivalvia,class
212,pteriida,order,bivalvia,class
833261,actinodontida,order,bivalvia,class
382256,carditida,order,bivalvia,class
382297,[unassigned] euheterodonta,order,bivalvia,class
394137,anomalodesmacea,order,bivalvia,class
394138,pholadomyida,order,bivalvia,class
382254,trigoniida,order,bivalvia,class
160326,unionida,order,bivalvia,class
869601,adapedonta,order,bivalvia,class
869602,cardiida,order,bivalvia,class
1326015,galeommatida,order,bivalvia,class
1326014,gastrochaenida,order,bivalvia,class
833394,hiatellida,order,bivalvia,class
833312,hippuritida,order,bivalvia,class
489106,lucinida,order,bivalvia,class
833299,megalodontida,order,bivalvia,class
833292,modiomorphida,order,bivalvia,class
245,myida,order,bivalvia,class
217,venerida,order,bivalvia,class
155670,diplostraca,order,branchiopoda,class
NA,NA,NA,bryopsidophyceae,class
1447689,heterocoela,order,calcarea,class
1447688,homocoela,order,calcarea,class
164161,baerida,order,calcarea,class
131591,leucosolenida,order,calcarea,class
131592,lithonida,order,calcarea,class
150232,sycettida,order,calcarea,class
606617,syconosa,order,calcarea,class
606618,asconosa,order,calcarea,class
131593,clathrinida,order,calcarea,class
238340,leucettida,order,calcarea,class
164792,murrayonida,order,calcarea,class
NA,NA,NA,calcispongia,class
NA,NA,NA,calcispongiae,class
2088,chaetodermatida,order,caudofoveata,class
NA,NA,NA,cephalaspidomorphi,class
153046,nautilida,order,cephalopoda,class
1374984,orthocerida,order,cephalopoda,class
382327,[unassigned] decapodiformes,order,cephalopoda,class
1454589,bathyteuthida,order,cephalopoda,class
1454586,idiosepida,order,cephalopoda,class
11728,myopsida,order,cephalopoda,class
11730,oegopsida,order,cephalopoda,class
11713,sepiida,order,cephalopoda,class
157034,spirulida,order,cephalopoda,class
11716,teuthida,order,cephalopoda,class
11718,octopoda,order,cephalopoda,class
11717,vampyromorpha,order,cephalopoda,class
104911,amphilinidea,order,cestoda,class
104910,gyrocotylidea,order,cestoda,class
515785,bothriocephalidea,order,cestoda,class
104912,caryophyllidea,order,cestoda,class
414958,cathetocephalidea,order,cestoda,class
104913,cyclophyllidea,order,cestoda,class
104914,diphyllidea,order,cestoda,class
515793,diphyllobothriidea,order,cestoda,class
104933,eucestoda incertae sedis,order,cestoda,class
104916,lecanicephalidea,order,cestoda,class
515784,litobothriidea,order,cestoda,class
104917,proteocephalidea,order,cestoda,class
104918,pseudophyllidea,order,cestoda,class
104919,spathebothriidea,order,cestoda,class
104920,tetrabothriidea,order,cestoda,class
104921,tetraphyllidea,order,cestoda,class
104922,trypanorhyncha,order,cestoda,class
105472,geophilomorpha,order,chilopoda,class
NA,NA,NA,chlorarachnea,class
368679,chlorarachniales,order,chlorarachniophyceae,class
17666,chlorodendrales,order,chlorodendrophyceae,class
803,acrosiphoniales,order,chlorophyceae,class
22964,caulerpales,order,chlorophyceae,class
368680,chaetopeltidales,order,chlorophyceae,class
18608,chaetophorales,order,chlorophyceae,class
17111,chlorococcales,order,chlorophyceae,class
21243,chlorocystidales,order,chlorophyceae,class
22965,codiales,order,chlorophyceae,class
22971,microsporales,order,chlorophyceae,class
21875,phaeophilales,order,chlorophyceae,class
18537,tetrasporales,order,chlorophyceae,class
18526,volvocales,order,chlorophyceae,class
153178,aphelenchida,order,chromadorea,class
231698,araeolaimida,order,chromadorea,class
19960,ascaridida,order,chromadorea,class
2138,chromadorida,order,chromadorea,class
458796,desmodorida,order,chromadorea,class
458798,desmoscolecida,order,chromadorea,class
2139,monhysterida,order,chromadorea,class
458811,plectida,order,chromadorea,class
2143,rhabditida,order,chromadorea,class
22825,spirurida,order,chromadorea,class
22820,strongylida,order,chromadorea,class
2136,tylenchida,order,chromadorea,class
1359029,chrysoparadoxales,order,chrysoparadoxophyceae,class
2118,haplotaxida,order,clitellata,class
2117,rhynchobdellida,order,clitellata,class
NA,NA,NA,cnidaria incertae sedis,class
163510,coelacanthiformes,order,coelacanthi,class
NA,NA,NA,collembola,class
22966,compsopogonales,order,compsopogonophyceae,class
146320,erythropeltales,order,compsopogonophyceae,class
22973,rhodochaetales,order,compsopogonophyceae,class
NA,NA,NA,conchifera,class
104021,craniida,order,craniata,class
123092,bourgueticrinida,order,crinoidea,class
123093,comatulida,order,crinoidea,class
340798,cyrtocrinida,order,crinoidea,class
484684,encrinida,order,crinoidea,class
246674,hyocrinida,order,crinoidea,class
123095,isocrinida,order,crinoidea,class
123096,millericrinida,order,crinoidea,class
17640,cryptomonadales,order,cryptophyceae,class
22707,cryptophyceae incertae sedis,order,cryptophyceae,class
20997,pyrenomonadales,order,cryptophyceae,class
NA,NA,NA,ctenophora incertae sedis,class
394974,carybdeida,order,cubozoa,class
266989,chirodropida,order,cubozoa,class
1433255,echinorhagata,order,cyclorhagida,class
1433257,kentrorhagata,order,cyclorhagida,class
1433258,xenosomata,order,cyclorhagida,class
167282,demospongiae incertae sedis,order,demospongiae,class
560014,gummineae,order,demospongiae,class
131597,halisarcida,order,demospongiae,class
131605,lithistida,order,demospongiae,class
164813,agelasida,order,demospongiae,class
1308232,ancorinida,order,demospongiae,class
847773,astrophorida,order,demospongiae,class
163084,axinellida,order,demospongiae,class
736911,biemnida,order,demospongiae,class
845473,bubarida,order,demospongiae,class
246576,ceratoporellida,order,demospongiae,class
163009,choristida,order,demospongiae,class
845506,clionaida,order,demospongiae,class
1308233,craniellida,order,demospongiae,class
845474,desmacellida,order,demospongiae,class
1308235,desmacidonitida,order,demospongiae,class
131604,hadromerida,order,demospongiae,class
131596,halichondrida,order,demospongiae,class
131598,haplosclerida,order,demospongiae,class
845483,heteroscleromorpha incertae sedis,order,demospongiae,class
845502,merliida,order,demospongiae,class
150250,nepheliospongida,order,demospongiae,class
150248,petrosida,order,demospongiae,class
1308231,poecillastrida,order,demospongiae,class
131599,poecilosclerida,order,demospongiae,class
845494,polymastiida,order,demospongiae,class
845472,scopalinida,order,demospongiae,class
845457,sphaerocladina,order,demospongiae,class
1308234,spirastrellida,order,demospongiae,class
847774,spirophorida,order,demospongiae,class
845456,spongillida,order,demospongiae,class
845509,suberitida,order,demospongiae,class
845507,tethyida,order,demospongiae,class
597812,tetractinellida,order,demospongiae,class
845508,trachycladida,order,demospongiae,class
131594,dendroceratida,order,demospongiae,class
131595,dictyoceratida,order,demospongiae,class
1308239,keratosida,order,demospongiae,class
169705,verticillitida,order,demospongiae,class
736910,chondrillida,order,demospongiae,class
131603,chondrosida,order,demospongiae,class
845324,chondrosiida,order,demospongiae,class
131600,verongida,order,demospongiae,class
845402,verongiida,order,demospongiae,class
123099,cidaroida,order,echinoidea,class
689189,thielicidaroida,order,echinoidea,class
559483,triadotiaroida,order,echinoidea,class
160732,echinothurioida,order,echinoidea,class
123102,echinothuroida,order,echinoidea,class
689184,megalopoda,order,echinoidea,class
1335793,perischoechinida,order,echinoidea,class
510515,aspidodiadematoida,order,echinoidea,class
510522,diadematoida,order,echinoidea,class
559540,latistellata,order,echinoidea,class
510528,micropygoida,order,echinoidea,class
123103,pedinoida,order,echinoidea,class
510525,echinoneoida,order,echinoidea,class
196233,holectypoida,order,echinoidea,class
123104,pourtalesioida,order,echinoidea,class
689185,pygasteroida,order,echinoidea,class
196249,phymosomatoida,order,echinoidea,class
123105,salenioida,order,echinoidea,class
123097,arbacioida,order,echinoidea,class
510518,camarodonta,order,echinoidea,class
123101,echinoida,order,echinoidea,class
510530,stomopneustoida,order,echinoidea,class
123107,temnopleuroida,order,echinoidea,class
593407,disasteroida,order,echinoidea,class
593406,galeropygoida,order,echinoidea,class
160733,holasteroida,order,echinoidea,class
510772,holasteroida incertae sedis,order,echinoidea,class
595854,spatangidea,order,echinoidea,class
123106,spatangoida,order,echinoidea,class
510838,spatangoida incertae sedis,order,echinoidea,class
123098,cassiduloida,order,echinoidea,class
123100,clypeasteroida,order,echinoidea,class
510523,echinolampadoida,order,echinoidea,class
1042840,rhinopristiformes,order,elasmobranchii,class
NA,NA,NA,enopla,class
2141,enoplida,order,enoplea,class
2142,trefusiida,order,enoplea,class
834431,triplonchida,order,enoplea,class
178738,[unassigned] enteropneusta,order,enteropneusta,class
20301,gyracanthocephala,order,eoacanthocephala,class
20345,neoechinorhynchida,order,eoacanthocephala,class
106405,symbiida,order,eucycliophora,class
17904,ploima,order,eurotatoria,class
342486,parachela,order,eutardigrada,class
NA,NA,NA,fragilariophyceae,class
129092,athecanephria,order,frenulata,class
129093,thecanephria,order,frenulata,class
1048160,archaediscida,order,fusulinata,class
1048161,earlandiida,order,fusulinata,class
1048159,parathuramminida,order,fusulinata,class
1052719,pseudopalmulida,order,fusulinata,class
1048162,tournayellida,order,fusulinata,class
1048164,endothyrida,order,fusulinata,class
592502,fusulinida,order,fusulinata,class
382204,[unassigned] caenogastropoda,order,gastropoda,class
382213,littorinimorpha,order,gastropoda,class
146,neogastropoda,order,gastropoda,class
390775,stenoglossa,order,gastropoda,class
156482,cocculinida,order,gastropoda,class
579262,neomphalida,order,gastropoda,class
1054471,[unassigned] neritimorpha,order,gastropoda,class
1054475,cycloneritida,order,gastropoda,class
394185,cycloneritimorpha,order,gastropoda,class
1054472,cyrtoneritida,order,gastropoda,class
715957,cyrtoneritimorpha,order,gastropoda,class
110,archaeogastropoda,order,gastropoda,class
117,mesogastropoda,order,gastropoda,class
390800,rhipidoglossa,order,gastropoda,class
1052447,lepetellida,order,gastropoda,class
1052445,pleurotomariida,order,gastropoda,class
1052446,seguenziida,order,gastropoda,class
1052448,trochida,order,gastropoda,class
411857,architectibranchia,order,gastropoda,class
382228,pleurobranchomorpha,order,gastropoda,class
171,anaspidea,order,gastropoda,class
1058953,aplysiida,order,gastropoda,class
1752,aplysiomorpha,order,gastropoda,class
1770,archaeopulmonata,order,gastropoda,class
747312,bullomorpha,order,gastropoda,class
154,cephalaspidea,order,gastropoda,class
14713,heterostropha,order,gastropoda,class
325345,pteropoda,order,gastropoda,class
479011,runcinacea,order,gastropoda,class
1059014,runcinida,order,gastropoda,class
181509,tectibranchiata,order,gastropoda,class
13703,thecosomata,order,gastropoda,class
382227,umbraculida,order,gastropoda,class
1754,notaspidea,order,gastropoda,class
1762,nudibranchia,order,gastropoda,class
1059020,pleurobranchida,order,gastropoda,class
1057430,ellobiida,order,gastropoda,class
446,gymnomorpha,order,gastropoda,class
1772,systellommatophora,order,gastropoda,class
1057459,siphonariida,order,gastropoda,class
NA,NA,NA,gephyrea,class
178816,nectonematoidea,order,gordiaces,class
380363,dendroidea,order,graptolithina,class
380353,graptoloidea,order,graptolithina,class
579866,camaroidea,order,graptolithoidea,class
579850,cephalodiscoidea,order,graptolithoidea,class
579865,crustoidea,order,graptolithoidea,class
579869,dithecoidea,order,graptolithoidea,class
579857,rhabdopleuroidea,order,graptolithoidea,class
579868,stolonoidea,order,graptolithoidea,class
579867,tuboidea,order,graptolithoidea,class
NA,NA,NA,gromiidea,class
391543,cheilostomata,order,gymnolaemata,class
110722,cheilostomatida,order,gymnolaemata,class
1033445,ctenostomata,order,gymnolaemata,class
110723,ctenostomatida,order,gymnolaemata,class
342525,arthrotardigrada,order,heterotardigrada,class
342526,echiniscoidea,order,heterotardigrada,class
1403,heterotrichida,order,heterotrichea,class
160632,amphidiscosida,order,hexactinellida,class
171606,aulocalycoida,order,hexactinellida,class
171616,fieldingida,order,hexactinellida,class
131608,hexactinosa,order,hexactinellida,class
171628,hexactinosida,order,hexactinellida,class
987038,hexasterophora incertae sedis,order,hexactinellida,class
383272,lychniscosa,order,hexactinellida,class
171819,lychniscosida,order,hexactinellida,class
131609,lyssacinosa,order,hexactinellida,class
171834,lyssacinosida,order,hexactinellida,class
605841,sceptrulophora,order,hexactinellida,class
150199,herpyllobioida,order,hexanauplia,class
22605,platycopioida,order,hexanauplia,class
103948,dendrogastrida,order,hexanauplia,class
103949,laurida,order,hexanauplia,class
1100,calanoida,order,hexanauplia,class
889848,andreinidea,order,hexanauplia,class
1035042,canuelloida,order,hexanauplia,class
889844,cyclopidea,order,hexanauplia,class
1101,cyclopoida,order,hexanauplia,class
1102,harpacticoida,order,hexanauplia,class
889850,lerneopodidea,order,hexanauplia,class
22597,misophrioida,order,hexanauplia,class
1106,monstrilloida,order,hexanauplia,class
22598,mormonilloida,order,hexanauplia,class
889846,philichthyidea,order,hexanauplia,class
889851,sarcotacidea,order,hexanauplia,class
1104,siphonostomatoida,order,hexanauplia,class
345939,thaumatopsylloida,order,hexanauplia,class
106030,apygophora,order,hexanauplia,class
445275,cryptophialida,order,hexanauplia,class
438970,lithoglyptida,order,hexanauplia,class
106031,pygophora,order,hexanauplia,class
22619,akentrogonida,order,hexanauplia,class
22620,kentrogonida,order,hexanauplia,class
534762,cyprilepadiformes,order,hexanauplia,class
391622,ibliformes,order,hexanauplia,class
534761,lepadiformes,order,hexanauplia,class
106032,pedunculata,order,hexanauplia,class
534760,scalpelliformes,order,hexanauplia,class
106033,sessilia,order,hexanauplia,class
1422384,archaeolepadomorpha,order,hexanauplia,class
1422350,calanticomorpha,order,hexanauplia,class
1422322,pollicipedomorpha,order,hexanauplia,class
10217,chimaeriformes,order,holocephali,class
NA,NA,NA,holothurioidea,class
152530,aspidochirota,order,holothuroidea,class
123109,aspidochirotida,order,holothuroidea,class
123110,dactylochirotida,order,holothuroidea,class
149857,dendrochirota,order,holothuroidea,class
123111,dendrochirotida,order,holothuroidea,class
123112,elasipodida,order,holothuroidea,class
1036233,holothuriida,order,holothuroidea,class
715684,molpadida,order,holothuroidea,class
123113,molpadiida,order,holothuroidea,class
1036230,persiculida,order,holothuroidea,class
1036229,synallactida,order,holothuroidea,class
1328159,arthrochirota,order,holothuroidea,class
1328160,arthrochirotida,order,holothuroidea,class
152532,apoda,order,holothuroidea,class
123108,apodida,order,holothuroidea,class
1317432,synaptida,order,holothuroidea,class
NA,NA,NA,homalorhagae,class
131601,homosclerophorida,order,homoscleromorpha,class
1308230,plakinida,order,homoscleromorpha,class
122303,monostilifera,order,hoplonemertea,class
122304,polystilifera,order,hoplonemertea,class
NA,NA,NA,hyalospongiae,class
152195,hydroida,order,hydrozoa,class
13551,anthoathecata,order,hydrozoa,class
816153,anthoathecatae,order,hydrozoa,class
151687,anthomedusae,order,hydrozoa,class
152196,athecata,order,hydrozoa,class
152193,gymnoblastea,order,hydrozoa,class
22709,laingiomedusae,order,hydrozoa,class
151689,leptomedusae,order,hydrozoa,class
13552,leptothecata,order,hydrozoa,class
254409,siphonophora,order,hydrozoa,class
1371,siphonophorae,order,hydrozoa,class
430389,thecaphora,order,hydrozoa,class
152198,thecata,order,hydrozoa,class
22755,actinulida,order,hydrozoa,class
1370,limnomedusae,order,hydrozoa,class
16349,narcomedusae,order,hydrozoa,class
870412,trachomedusae,order,hydrozoa,class
16350,trachymedusae,order,hydrozoa,class
767376,arguloida,order,ichthyostraca,class
22604,cephalobaenida,order,ichthyostraca,class
384709,porocephalida,order,ichthyostraca,class
118084,archaeognatha,order,insecta,class
118085,coleoptera,order,insecta,class
118087,dermaptera,order,insecta,class
118088,diptera,order,insecta,class
118089,hemiptera,order,insecta,class
163061,primociliatida,order,kinetofragminophora,class
162986,chonotrichida,order,kinetofragminophora,class
162987,cyrtophorida,order,kinetofragminophora,class
163064,trichostomatida,order,kinetofragminophora,class
NA,NA,NA,lamellibranchiata,class
NA,NA,NA,larvacea,class
NA,NA,NA,leptocardii,class
235155,lingulida,order,lingulata,class
991168,siphonotretida,order,lingulata,class
NA,NA,NA,loricata,class
NA,NA,NA,machaeridia,class
14355,stomatopoda,order,malacostraca,class
607428,archaeostraca,order,malacostraca,class
852034,canadaspidida,order,malacostraca,class
852033,hymenostraca,order,malacostraca,class
146996,leptostraca,order,malacostraca,class
1129,amphionidacea,order,malacostraca,class
1130,decapoda,order,malacostraca,class
1128,euphausiacea,order,malacostraca,class
1135,amphipoda,order,malacostraca,class
182688,anisopoda,order,malacostraca,class
391550,bochusacea,order,malacostraca,class
1137,cumacea,order,malacostraca,class
1055787,ingolfiellida,order,malacostraca,class
1131,isopoda,order,malacostraca,class
149669,lophogastrida,order,malacostraca,class
149668,mysida,order,malacostraca,class
2824,mysidacea,order,malacostraca,class
477254,pygocephalomorpha,order,malacostraca,class
1133,tanaidacea,order,malacostraca,class
1139,thermosbaenacea,order,malacostraca,class
1451682,didelphimorphia,order,mammalia,class
NA,NA,NA,maxillopoda,class
517896,capsalidea,order,monogenea,class
160480,dactylogyrida,order,monogenea,class
517897,dactylogyridea,order,monogenea,class
517898,gyrodactylidea,order,monogenea,class
517899,monocotylidea,order,monogenea,class
518763,montchadskyellidea,order,monogenea,class
518774,chimaericolidea,order,monogenea,class
518775,diclybothriidea,order,monogenea,class
390779,mazocraeidea,order,monogenea,class
NA,NA,NA,monogenoidea,class
1425762,cyrtonellida,order,monoplacophora,class
1425760,sinuitopsida,order,monoplacophora,class
23079,tryblidiida,order,monoplacophora,class
10197,myxiniformes,order,myxini,class
120239,bivalvulida,order,myxozoa,class
120240,multivalvulida,order,myxozoa,class
NA,NA,NA,nectonematoida,class
834418,benthimermithida,order,nematoda incertae sedis,class
834420,rhaptothyreida,order,nematoda incertae sedis,class
NA,NA,NA,nemertea incertae sedis,class
368697,nephroselmidales,order,nephroselmidophyceae,class
1381554,delosinida,order,nodosariata,class
162591,lagenida,order,nodosariata,class
1381549,nodosariida,order,nodosariata,class
1381427,polymorphinida,order,nodosariata,class
1381552,vaginulinida,order,nodosariata,class
1261,beroida,order,nuda,class
NA,NA,NA,oomycetes,class
152495,euryalae,order,ophiuroidea,class
242194,gnatophiurida,order,ophiuroidea,class
152496,ophiurae,order,ophiuroidea,class
146189,ophiuroidea incertae sedis,order,ophiuroidea,class
123118,phrynophiurida,order,ophiuroidea,class
242196,euryalida,order,ophiuroidea,class
123117,ophiurida,order,ophiuroidea,class
1062666,amphilepidida,order,ophiuroidea,class
1062662,ophiacanthida,order,ophiuroidea,class
1062665,ophioleucida,order,ophiuroidea,class
1062661,ophioscolecida,order,ophiuroidea,class
155957,halocyprida,order,ostracoda,class
2104,myodocopida,order,ostracoda,class
459454,palaeocopida,order,ostracoda,class
715689,platycopina,order,ostracoda,class
715683,metacopida,order,ostracoda,class
459453,podocopa incertae sedis,order,ostracoda,class
1091,podocopida,order,ostracoda,class
1416973,punciocopida,order,ostracoda,class
877107,leiocopida,order,ostracoda,class
20286,echinorhynchida,order,palaeacanthocephala,class
20306,polymorphida,order,palaeacanthocephala,class
1451612,archinemertea,order,palaeonemertea,class
1451615,carinomiformes,order,palaeonemertea,class
1451609,tubulaniformes,order,palaeonemertea,class
368539,seisonacea,order,pararotatoria,class
384688,tetramerocerata,order,pauropoda,class
886261,marsupiomonadales,order,pedinophyceae,class
368698,scourfieldiales,order,pedinophyceae,class
NA,NA,NA,pelecypoda,class
1383,aspidosiphonida,order,phascolosomatidea,class
1384,phascolosomatida,order,phascolosomatidea,class
889995,phytomyxea incertae sedis,order,phytomyxea,class
591233,plasmodiophorida,order,phytomyxea,class
122305,heteronemertea,order,pilidiophora,class
1451616,hubrechtiiformes,order,pilidiophora,class
368705,pleurastrales,order,pleurastrophyceae,class
110341,echiura incertae sedis,order,polychaeta,class
110342,echiuroidea,order,polychaeta,class
893,amphinomida,order,polychaeta,class
895,eunicida,order,polychaeta,class
892,phyllodocida,order,polychaeta,class
901,sabellida,order,polychaeta,class
889,spionida,order,polychaeta,class
900,terebellida,order,polychaeta,class
863399,collodaria,order,polycystina,class
235741,nassellaria,order,polycystina,class
345835,spumellaria,order,polycystina,class
NA,NA,NA,polyhymenophora,class
382003,chitonida,order,polyplacophora,class
58,lepidopleurida,order,polyplacophora,class
1353695,chelodida,order,polyplacophora,class
1353707,septemchitonida,order,polyplacophora,class
NA,NA,NA,polypodiozoa,class
1306255,carnosa,order,porifera incertae sedis,class
15324,porphyridiales,order,porphyridiophyceae,class
NA,NA,NA,prasinophyceae,class
146233,coccolithophorales,order,prymnesiophyceae,class
115059,coccosphaerales,order,prymnesiophyceae,class
115060,isochrysidales,order,prymnesiophyceae,class
115061,prymnesiales,order,prymnesiophyceae,class
115062,prymnesiophyceae incertae sedis,order,prymnesiophyceae,class
NA,NA,NA,pterobranchia,class
379596,nectopantopoda,order,pycnogonida,class
379588,palaeoisopoda,order,pycnogonida,class
379592,palaeopantopoda,order,pycnogonida,class
1358,pantopoda,order,pycnogonida,class
599682,palmophyllales,order,pyramimonadophyceae,class
368706,prasinococcales,order,pyramimonadophyceae,class
368707,pseudoscourfieldiales,order,pyramimonadophyceae,class
17330,pyramimonadales,order,pyramimonadophyceae,class
NA,NA,NA,radiozoa incertae sedis,class
134754,nectiopoda,order,remipedia,class
342630,crocodylia,order,reptilia,class
342632,sauria,order,reptilia,class
2689,testudines,order,reptilia,class
NA,NA,NA,rhodellophyceae,class
22967,cryptonemiales,order,rhodophyceae,class
22975,sphaerococcales,order,rhodophyceae,class
14223,heterocyemida,order,rhombozoa,class
104022,rhynchonellida,order,rhynchonellata,class
104023,terebratulida,order,rhynchonellata,class
235199,thecideida,order,rhynchonellata,class
1455141,conocardiida,order,rostroconchia,class
5950,aphragmophora,order,sagittoidea,class
5951,phragmophora,order,sagittoidea,class
200,dentaliida,order,scaphopoda,class
432,gadilida,order,scaphopoda,class
NA,NA,NA,scleroctenophora,class
NA,NA,NA,sclerospongiae,class
NA,NA,NA,scyphomedusae,class
851649,coronatae,order,scyphozoa,class
135224,rhizostomeae,order,scyphozoa,class
135225,semaeostomeae,order,scyphozoa,class
227106,anguilluloidea,order,secernentea,class
22623,seisonida,order,seisonidea,class
NA,NA,NA,sipuncula incertae sedis,class
1385,golfingiida,order,sipunculidea,class
413,neomeniamorpha,order,solenogastres,class
14420,pholidoskepia,order,solenogastres,class
13574,cavibelonia,order,solenogastres,class
298349,sterrofustia,order,solenogastres,class
103437,aspiraculata,order,sorberacea,class
380369,conulatae,order,staurozoa,class
135226,stauromedusae,order,staurozoa,class
NA,NA,NA,stelleroidea,class
467951,cryptostomida,order,stenolaemata,class
160487,cyclostomata,order,stenolaemata,class
110724,cyclostomatida,order,stenolaemata,class
467947,cystoporida,order,stenolaemata,class
1371537,esthonioporata,order,stenolaemata,class
467944,fenestrida,order,stenolaemata,class
1371498,melicerititida,order,stenolaemata,class
1379068,stenolaemata incertae sedis,order,stenolaemata,class
467937,trepostomatida,order,stenolaemata,class
235737,sticholonchida,order,sticholonchea,class
591257,taxopodida,order,sticholonchea,class
368708,stylonematales,order,stylonematophyceae,class
559342,cambojiida,order,tentaculata,class
22584,cestida,order,tentaculata,class
559345,cryptolobiferida,order,tentaculata,class
1251,cydippida,order,tentaculata,class
264854,ganeshida,order,tentaculata,class
1258,lobata,order,tentaculata,class
22585,platyctenida,order,tentaculata,class
559297,tentaculata incertae sedis,order,tentaculata,class
238008,thalassocalycida,order,tentaculata,class
720261,cyclomyaria,order,thaliacea,class
720262,desmomyaria,order,thaliacea,class
137212,doliolida,order,thaliacea,class
137213,pyrosomatida,order,thaliacea,class
137214,salpida,order,thaliacea,class
599685,phyllosiphonales,order,trebouxiophyceae,class
820,prasiolales,order,trebouxiophyceae,class
103974,aspidogastrida,order,trematoda,class
103975,stichocotylida,order,trematoda,class
159464,azygiida,order,trematoda,class
391869,digenea incertae sedis,order,trematoda,class
468882,diplostomida,order,trematoda,class
108401,echinostomida,order,trematoda,class
108402,plagiorchiida,order,trematoda,class
108403,strigeida,order,trematoda,class
NA,NA,NA,trilobita,class
NA,NA,NA,turbellaria,class
808,bryopsidales,order,ulvophyceae,class
813,cladophorales,order,ulvophyceae,class
325414,codiolales,order,ulvophyceae,class
18815,dasycladales,order,ulvophyceae,class
886265,scotinosphaerales,order,ulvophyceae,class
22974,siphonocladales,order,ulvophyceae,class
824,ulotrichales,order,ulvophyceae,class
827,ulvales,order,ulvophyceae,class
